,author,count
0,Teaonmybreath,18
1,drche35,2
2,Kalamordis,2
3,nowlistenhereboy,14
4,FirmSignificance285,118
5,bizi1111,7
6,AwGe3zeRick,3
7,tellme_areyoufree,5
8,SJserenity,13
9,[deleted],1830
10,mommajillybean,2
11,ks4001,3
12,StarGazer_Cyn,1
13,Disastrous-Resort-45,27
14,draccumbens,2
15,Maracuyeah,1
16,rikityrokityree,8
17,FrostyPresence,157
18,kaysee93,3
19,FireflyAdvocate,4
20,drzquinn,13
21,Affectionate_Tap_981,1
22,CollectorOfWords,1
23,UndertaleFan1996,3
24,meehaja,18
25,howzbotfly,1
26,RazzmatazzMore8593,1
27,Minnesota_icicle,3
28,Rude_Onion,2
29,nelly343434,4
30,PeggyAnne08,9
31,ImHereForTheCats,1
32,ylangbango123,2
33,fobreezee,5
34,platysma_balls,16
35,Lempo1325,4
36,Hoosier_Fan_92,1
37,jibbidyjamma,2
38,neon_gutz,1
39,LurkerNan,11
40,Chaotic_good28,6
41,Tidsoptomist,3
42,HelenEk7,289
43,ninjacrypto45,2
44,chiraagster23,6
45,Snoo-27596,5
46,Red253123,25
47,ThatsWhatXiSaid,112
48,sequi_virtus,17
49,ccwagwag,28
50,1paperairplane,1
51,ActivatingPeachBlosm,5
52,smk3509,45
53,DeathxDoll,1
54,jac5423,3
55,drlove57,8
56,pajaro80,1
57,i-am-not-sure-yet,41
58,bluehandshiva,3
59,mrmayo26,5
60,jcwzeldaruns,11
61,turboshot92,6
62,WikiSummarizerBot,3
63,possumrfrend,7
64,AnastasiaTaran,36
65,NinjaLanternShark,54
66,pine4links,54
67,sjcphl,72
68,sleepymeowcat,21
69,i3dz,1
70,arugulafanclub,5
71,AutoModerator,23147
72,damandsire,122
73,killing-weapon,6
74,tawnyheadwrangler,10
75,Sourcuz,5
76,EnvironmentalTap6314,5
77,YbnSmith-,1
78,Thin-Effective6164,16
79,CantFixMoronic,23
80,janotarchokh,1
81,knowtruthnotrust,46
82,lethal_defrag,37
83,NotJustAmy,32
84,fisherpt77,2
85,kcl97,13
86,ath1337,9
87,syndakitz,2
88,aboutelleon,13
89,Bibao2019,7
90,dumgum17,2
91,Shock-Light123,2
92,the_RAPDOGE,7
93,phriend-z,1
94,RickyVanDoren,1
95,WILBDHMDHMNM_,1
96,BrightLightColdSteel,13
97,Caju3,7
98,mrgrey5,4
99,RemarkableCranberry4,21
100,Perkypopc0rn,8
101,TrainingRatio6110,11
102,budrow21,40
103,sarissa211,13
104,vaug_car1,1
105,ZevKyogre,48
106,ajsflyer,2
107,ElectronGuru,283
108,Claque-2,31
109,1happylife,41
110,warfrogs,71
111,wndyctywlf,1
112,beerissweety,29
113,Clean-Elk9611,24
114,Rush_Limbaughs_Ghost,2
115,thishitisgettingold,6
116,Chumptastk,8
117,kitebum,2
118,Express_Hyena,5
119,Notorious_mmk,13
120,yepthatsme410,14
121,Chicken-Inspector,1
122,BaltimoreBee,4
123,FrostShadow-19,1
124,_Desolation_-_Row_,49
125,Aggravating-Wind6387,33
126,failed-at-culting,191
127,akiasura,55
128,H5n1-1,1
129,IronMastodon,7
130,clarkstud,29
131,tigerbalmz,3
132,thedangsallhere,1
133,matts2,36
134,ImBuck,3
135,Spectrachic311311,1
136,misselpis,2
137,That_Leading_1703,26
138,Dspsblyuth,13
139,uintainsurance,7
140,med_math1,37
141,Zdog54,4
142,CantFindMeNowAdcoms,2
143,CoolBreezeNoCheese,1
144,thefoxsaysquack,2
145,NickHi2Ca,18
146,ablokeinpf,8
147,MuckRaker83,17
148,upnorth77,14
149,johnnyquest2323,12
150,KenSchae,33
151,Teedalo,64
152,thpoons,1
153,neu20212022,1
154,Texan_via_MO,5
155,yr_no_usernames_left,1
156,olily,45
157,comoqueres,5
158,facedownasteroidup,1
159,Pernick,3
160,mdnath218,5
161,dijonnaise,5
162,eldertrans,1
163,amberterror,1
164,rickmarin,3
165,ConfusionPast1999,1
166,VOTE_TRUMP2020,7
167,StaticNationn,4
168,reobb,20
169,NewAlexandria,84
170,Haunting_Chemist4251,10
171,mamacat49,2
172,meamecumludit,3
173,Taj_Mahalo,5
174,SalSaddy,1
175,J2GO,1
176,Faerbera,27
177,archangel924,59
178,metzenbalmer,41
179,cycloxer,2
180,bigredmer,1
181,Zigna28,41
182,funfornewages,262
183,bockscar89,1
184,Fuzzypinkpeach007,4
185,josysomething,17
186,stockbel,2
187,Elend15,17
188,Slickshots617,11
189,oldfrenchwhore,2
190,erythrocyte666,23
191,Itrusttheinternett,12
192,sunshineanddaffodils,5
193,HansGruberHangover,2
194,Stegopossum,3
195,rockpharmer,1
196,highpercentage,5
197,Much_Truck_4845,3
198,dee1900,26
199,cyberrod411,19
200,SuicidaLCherry556,1
201,yourmommaisaunicorn,28
202,e_man11,86
203,Larnievc,12
204,HiiGuardian,1
205,wi_voter,18
206,SleepyYaoiGuy,2
207,theophilus1988,3
208,AsEyeAm,1
209,ciderenthusiast,37
210,thinning_veil,2
211,MgFi,2
212,enterpersonal,10
213,grokmachine,41
214,FullFatVeganCheese,5
215,RubberDucki007,12
216,dinamet7,5
217,tiddervul,2
218,BlatantFalsehood,15
219,volunteer_hero,11
220,HumanNamedSam,6
221,Altruistic-Battle-32,47
222,brainmindspirit,50
223,EconomistPunter,114
224,paulbrook,117
225,findingk,5
226,OnMyThirdLife,6
227,happyandrested,1
228,Jaaayy9,10
229,martinbass,1
230,bibblyboo24,4
231,blackteapls,1
232,throwaway3357305,4
233,AXXXXXXXXA,3
234,CapnHook69,7
235,hope1083,7
236,Mejinopolis,5
237,Master_Objective9099,6
238,Outrageous-Owl3112,7
239,Vali32,4
240,KnightRadiant95,2
241,TXMedicine,3
242,BoomerMang83,1
243,CashDecklin,19
244,Trekkie_on_the_Net,2
245,Lionstar-2472,10
246,joe543215,28
247,BLUE-THIRTIES,5
248,Banksville,147
249,Professional_Image75,1
250,lucky_ela,2
251,MyBurnoutDiaries,9
252,whyinternet,6
253,ahoooooooo,8
254,StatisticianTop4853,2
255,kenmore63,2
256,Starfish24601,1
257,the_machine18,2
258,converter-bot,4
259,No_Self_1156,1
260,NFTrob,14
261,dzn_m,9
262,Consciencekills,1
263,hgracia78,28
264,karate134,1
265,quirkilyclumsy,1
266,Itobuz,2
267,ashe1md,3
268,animatedfiles-com,6
269,RainInTheWoods,2
270,Intelligent_Orange28,7
271,cassiopeia69,55
272,sharsh1,2
273,Darth314,17
274,Evil_Thresh,136
275,nololthx,16
276,EliDyba93,3
277,Areyoudumbbb,4
278,highDrugPrices4u,36
279,MedicalUnprofessionl,19
280,Sea_Code_3050,5
281,TBarnoble,3
282,ah_notgoodatthis,3
283,happyhooker485,2
284,sneakpeekbot,15
285,Zxhsope,11
286,Oilrigrandy,6
287,Berethion,38
288,HarmonyHealthMedical,25
289,TrueSquatch,16
290,NewfoundOrigin,4
291,grifnata,1
292,OtpyrcLvl1,20
293,tankibubblz,10
294,say_rugh,26
295,General-Royal,2
296,VeryNovemberous,23
297,zytz,7
298,stardusttree,1
299,Tarquin_McBeard,1
300,chocolatecinnabar,11
301,Hi-Im-Triixy,112
302,DatFunny,8
303,cattinthehatt,1
304,RiceIsMyLife,66
305,kh7190,13
306,cookie_partie,4
307,PontificatingPonce,3
308,sneakergeek895,7
309,ebeagledeeteeg,8
310,fickystingas,38
311,PM_ME_YOUR_GOALS,10
312,Original-P,12
313,SolaceInfinite,7
314,HuckleberryShrimp,3
315,Snorkle_Carver,9
316,nag204,116
317,Jenniferinfl,12
318,CityComm,4
319,Urban_holisticnurse,3
320,followme8832,14
321,chelleezz,4
322,GILMD,36
323,milvet02,22
324,ngiinrm,3
325,immunologycls,9
326,MeatPopsicle14,2
327,InsaneVanity,4
328,Closet-PowPow,49
329,JayGeezey,2
330,Librahn,18
331,AwkwardFaery,1
332,Drinkingsodas,7
333,LazarusLoengard,3
334,bujo_hrya,28
335,Altruistic-Text3481,11
336,Puzzleheaded_Sea_156,2
337,hotasanicecube,12
338,wewewawa,8
339,cheesyblasters101,4
340,MaizeSensitive8,5
341,doesitmattertho,11
342,ggigfad5,8
343,TheCalmPsalmist,3
344,KittenMittens_2,18
345,schretties,7
346,Mrbeztx,7
347,mr_world_thin,6
348,TheDENN1Ssystem,4
349,ebonieneedshelp,3
350,No-Beach-2118,2
351,pursuitofhappy,1
352,mateo173,30
353,HazyDaisy89,30
354,Magnificent_Fred23,1
355,Scary-Lawfulness-999,1
356,silenceisloud,3
357,WI-Country-Wanderer,22
358,kelloggflakes,3
359,tourmalatedideas,19
360,Necrosius7,9
361,soysizle,2
362,Roger-stanza-0,3
363,fmayer60,15
364,qorekh,1
365,RooftopRose,60
366,Inflation_Sufficient,1
367,autotldr,6
368,watercolornightmares,7
369,Disconglomerator,1
370,OakHilkTear,3
371,weird_fluffydinosaur,2
372,FineappleExpress,3
373,No_Presence5392,3
374,BOSZ83,19
375,ISPEAKMACHINE,7
376,Honest_Efficiency207,7
377,digihippie,24
378,someone_takes_me,1
379,decertotilltheend,10
380,ChockBox,4
381,stillragin,28
382,HorrorLine,1
383,Eviljaffacake,20
384,charlie6583,26
385,Minnesotamad12,33
386,Flimsy-Version-5847,1
387,BallzDeep_Anxiety,1
388,ManufacturerNo3971,1
389,Zbofanaccount-,2
390,areyoumycushion,1
391,AllTheyEatIsLettuce,1
392,relaxharder,3
393,Boring_Phrase_9128,10
394,87keyedmouse_,5
395,grayperegrine,5
396,FourScores1,29
397,hazcatsuit,1
398,Mediocre-Accident674,2
399,Syntrillium,2
400,thecoolestbitch,4
401,AstroAtheist420OG,3
402,AlexJRod,3
403,AnnOnimiss,3
404,alelelale,2
405,Trash2Burn,8
406,Tyrannusverticalis,16
407,JojoTheMutt,5
408,hellohowareutomorrow,4
409,livesuddenly,16
410,LayDayG,2
411,Crafty-Scholar-3106,14
412,Weekly_Poem_5081,7
413,WorthAd6632,1
414,shellfish1111,10
415,Conspiracy_Confirmed,1
416,Desperate-Ad8577,2
417,IntelligentRisk,11
418,NAHEWBEE,56
419,newswall-org,5
420,miss_glamorous,8
421,hyenahive,8
422,Honey_Cheese,6
423,shooterlax01,6
424,jaymanborne,2
425,justpoppingby84,4
426,lladobrillante,7
427,MarlenaImpisi,5
428,boredcertifieddoctor,2
429,mr_eerie,1
430,timb1960,5
431,sorryknottsorry,6
432,WajovHas10Nuts,1
433,Adventurous-Boss-882,52
434,infiniteapecreative,3
435,OrchidTostada,2
436,TecateLite,1
437,Alwaysneedmoretea,1
438,IICVX,1
439,symbicortrunner,3
440,future_nurse19,36
441,Ihaveaboot,18
442,kaisrsoase,2
443,Equivalent-Arugula71,1
444,stevenw84,3
445,gimmedatrightMEOW,4
446,IloveCorfu,19
447,Berty_Qwerty,5
448,brownsound2019,2
449,spillmonger,35
450,BP619,2
451,CarolinaGrrrrl8585,5
452,discountonme,7
453,BuffaloRhode,112
454,hcheong808,1
455,dirtsmcmerts,3
456,mrrosenthal,3
457,AhbabaOooMaoMao,5
458,pdxiowa,5
459,radiant_turd,4
460,conraderb,2
461,Moni6674,1
462,-AngelSeven-,1
463,Iced_TeaFTW,3
464,Sarita_Maria,29
465,JemHadarSlayer,40
466,JEMColorado,33
467,astorisd,4
468,PayEmmy,6
469,uvasag,7
470,weedingthrough,4
471,homeslice567,1
472,fishymcswims,1
473,ruewell,2
474,PedalMac111,2
475,KidsForQuinoa,5
476,DustinHammons,1
477,LezCruise,8
478,tfehring,19
479,yeetyfeety32,18
480,rijnzael,18
481,metalsupremacist,7
482,dutchroll0,19
483,elakhna,9
484,MsMeggers,2
485,Corn_Dog_Log,2
486,AndyEMD,11
487,med_spx,12
488,grammyisabel,10
489,dcr5f5,1
490,thebunz21,6
491,SalmonSnail,7
492,Censordoll,2
493,Swami9997,3
494,ThatPinkRanger,2
495,wimpycarebear,6
496,Middle_Manager_Karen,10
497,tomqvaxy,5
498,Skippers101,9
499,Zelda2hot,3
500,moburkes,3
501,blackbird77,3
502,Specific-Loquat-7595,1
503,WonderfulSurvey8670,1
504,Practical_Pineapple3,5
505,ShimReturns,18
506,mfrun,2
507,PokeHunterBam,1
508,winz0rs,1
509,TallGuyMatt,3
510,kendra1972,5
511,technoboob,4
512,luceri,1
513,Haveanotherbeerbitch,3
514,vioarleic,6
515,Electricredhdbabe,2
516,NexBigBaku,4
517,milktankslover,4
518,Anguscablejnr,24
519,rotavator0986,2
520,crabab11,4
521,Cyndercrys,2
522,positivevibes24,3
523,wishingtoheal,2
524,designvelopervn,1
525,lisee11087,1
526,trustbrown,25
527,Exact_Passenger_7537,1
528,mute1,2
529,Motorboater69er,1
530,User32233,3
531,Thiswaycomrads,4
532,Altruistic-Present-1,1
533,kuribbi,1
534,OreoCookie15,2
535,LilFunyunsYo,2
536,Dry-Inevitable7595,8
537,Snoo_24930,3
538,throwawaytexan776,6
539,DevilDogg22,1
540,TheMansterMD,25
541,SellingWhileBrown,3
542,falafelman221,1
543,Slow-Complex7441,1
544,K1tch3nW1tch,1
545,ellewooooods,4
546,TryingtoGetWell28,29
547,jfichte,4
548,Nomanodyssey,4
549,plonit_almonit,2
550,My_cat_is_fat_ama,6
551,Forever_ForLove,3
552,Particular_Alarm_153,1
553,brokeassgaijin,1
554,ddopam1ne,1
555,Single_Debate2842,3
556,matthewstocks,2
557,King__James22,3
558,GodofAeons,1
559,tinesa,8
560,kippers,4
561,Hot-Conference8049,1
562,aleksa-p,1
563,quackabones,1
564,Repulsive-Egg326,10
565,NotDoneYet7913,1
566,Savelives4love,9
567,TheGayestNurse_1,13
568,Tavish42,11
569,BijouWilliams,15
570,TheQs55,9
571,Wuglyfugly13,1
572,FickleNegotiation457,5
573,antmbel,11
574,ThatFluffyBunny,3
575,autumn55femme,22
576,LACna,26
577,succulentsucca,3
578,tele68,11
579,AnToMegA424,2
580,InternetMammographer,1
581,talashrrg,7
582,Chief_Kief,1
583,Jrwadf1435,1
584,TrickTip7667,8
585,t35martin,3
586,morimoriko,1
587,unknown_user_3020,1
588,splitopenandmeltt,8
589,Mythicaltrees450,2
590,Uh_cakeplease,4
591,flumberbuss,2
592,Respect-Immediate,1
593,crazycatlady328,1
594,Ozzyo520,10
595,tunafingerz,2
596,jester_kat,8
597,nachomancandycabbage,4
598,MartingaleGala,2
599,Environmental-Top-60,49
600,QuantumHope,2
601,tom_from_space,1
602,Ready-Position,17
603,xashyy,1
604,Formal_Letterhead514,13
605,sillychillly,2
606,Hola-squirrel,1
607,ro339,13
608,popzelda,1
609,mynameismonkey,3
610,LoboeFalcao,3
611,Royal_Actuary9212,3
612,ViperVIP21,4
613,Dzenis1000,11
614,Dr_Dr_PeePeeGoblin,4
615,IntegratedSSR,21
616,Pixielo,1
617,TheLianeonProject,19
618,literallysame,1
619,itsgettinghectic,10
620,unoriginalname270,4
621,DerFisher,1
622,Nextelix,1
623,LillygrrlWA19,5
624,dandelion_k,8
625,LFMR,4
626,Ancient_Discount8850,8
627,Justame13,17
628,jkh107,46
629,clash1111,1
630,notevenglennclose,3
631,Moonkeyman120,12
632,TrixDaGnome71,12
633,Sstagman,20
634,90s_Scott,5
635,DarthOmanous,1
636,TrashPandaPatronus,3
637,readbackcorrect,10
638,quietloofah,1
639,SpunkyDred,4
640,Glock0Clock,1
641,HunterOcelot27,12
642,jazzmaster1245,5
643,ammermommy,2
644,FlyingDarkKC,8
645,FKKallDAY,5
646,JhoLow_1MDB,8
647,uiucengineer,48
648,noora2018,1
649,heychupe,9
650,intercontinentalrr,5
651,shayanshady,1
652,horseflydick,7
653,eersnherd01,1
654,dividedconsciousness,10
655,Reasonable-Broccoli0,1
656,pinacolada12345,3
657,edthebuilder5150,3
658,Silver-Brilliant-163,1
659,broloelcuando,3
660,Postmodernfinn,4
661,ClockworkGeek,1
662,no_spoon,1
663,MagnetarBear,5
664,AdmiralCaptainCrunch,2
665,grooverequisitioner2,5
666,iomnombooks,12
667,Die_Horen,20
668,Francesca_N_Furter,5
669,moelissam,3
670,jessicanicole1993,1
671,CrustyCake2344,4
672,dausy,5
673,Pharmacizing,1
674,neopetsfangirl,1
675,lightningbug24,4
676,Jjenks97,6
677,ivymusic,2
678,Delicious-Adeptness5,1
679,medbeeleer,2
680,Proffesssor,3
681,808s_and__Fastbreaks,4
682,Kennebec23,14
683,wildborbsunlimited,14
684,gatsuk,12
685,TamyaSisa,1
686,Mariannereddit,9
687,smithereens78,1
688,Mini-Nurse,6
689,love_your_eyeholes,2
690,RomanTick194173,1
691,5oclockpizza,21
692,tacosRpeople2,2
693,spacebass,7
694,lalineqqq,1
695,Independent-Carry-65,5
696,lord_assius,2
697,Bra200,1
698,pilot2969,7
699,GETitOFFmeNOW,4
700,ApplesBananasRhinoc,2
701,umahumin,3
702,EDMbryo,5
703,ObiYawn,1
704,Shake_dem_asspergers,4
705,Over9000Bunnies,1
706,steffio316,4
707,Zhaltan,2
708,Smallville_Kansas,1
709,well-arc,1
710,mercede12399,2
711,Bad_Chicken_2,22
712,GhostOfNeal,9
713,Spangler928,7
714,catfarts99,4
715,rssanford,3
716,zoexx_,2
717,aBitchINtheDoggPound,2
718,mariana-hi-ny-mo,3
719,tossmyrock,2
720,jted007,6
721,TheSoyimKnow3312,1
722,ratskim,1
723,WhenwasyourlastBM,4
724,cmehigh,1
725,audiofankk,4
726,bigworldsmallfeet,2
727,Necessary-Handle-258,1
728,cl733,17
729,ImperatorofKaraks,7
730,sir_cats_a_lot,1
731,nimloman,3
732,franktronix,1
733,cwy212,1
734,theartofdadliness,3
735,xcheshirecatxx,10
736,redshoewearer,9
737,SiberianGrace,2
738,ThirdPartyMechanic,1
739,geauxdoogle,2
740,NJDevsfan,1
741,Present_Thought8867,2
742,brycesmith55,2
743,H8SweetTea,6
744,cyrusyn,5
745,_Otouto,1
746,1Saoirse,3
747,rajtech28,1
748,talktojvc,7
749,EackJng,5
750,JYegge,1
751,geosarg,1
752,this1fish96,3
753,Pristine-Broccoli-79,1
754,PSUbowler,4
755,Gullible_Board3762,3
756,Dr_Brombo,1
757,kirklewilson,3
758,varnavruz,19
759,mpicos99,1
760,cheese_puff_diva,5
761,SerenaYasha,4
762,Vetsindebts,4
763,RealYender,1
764,chotpsfo,1
765,brainstorm17,2
766,AdverseEffect,48
767,Indylee,1
768,Mustseeproducts7,1
769,anonymousaspossable,3
770,gunnersgottagun,1
771,UltimateMMANews,1
772,purplgurl,1
773,kohotline,1
774,RBG_grb,1
775,ldg25,1
776,promise2keepup,1
777,BuckyJackson36,22
778,TropicalTucanFranco,3
779,whatisasimplusername,15
780,NoThatsBobbysAsshole,1
781,Onyxpurr,4
782,spike,4
783,shannon_nonnahs,1
784,arsalanbest,2
785,My-Butt_,1
786,Huge-Difficulty7748,2
787,Things_Have_Changed,7
788,Colde_Noona,5
789,MrsMinnesotaNice,7
790,ashylarrysknees,1
791,Monogonicon,5
792,cosmicallyoutraged,1
793,Endym1onx,10
794,fishoni,2
795,jinxr,1
796,lunaquefuma,2
797,brdwlf,1
798,RawScallop,3
799,1houndgal,6
800,manicmonday122,7
801,taker52,38
802,tybunnell,4
803,FD_Hell,1
804,janeaustenwrite,1
805,EarningBread,2
806,blunt-e,1
807,nutsacknut,3
808,HaroldBAZ,1
809,cryptonewbeee,2
810,pocketero-dan,6
811,Ok-Bug5692,1
812,D0227,1
813,Inevitable_Pomelo_,3
814,AnnaFlaxxis,16
815,Factsimus_verdad,2
816,c0ffeeandeggs,1
817,Ill-Slice1196,1
818,apostleman11,7
819,A7YR,1
820,That_weird_uncle,8
821,beyondfar,1
822,atlrotes,2
823,blue_upholstery,2
824,Mediocrates_01,11
825,Lou__Vegas,16
826,ModernBeginner,1
827,Mundane-Confusion-88,4
828,Closingracer,22
829,CallMe_B-Rad,3
830,ceilingmoth,1
831,thirdclearing22,2
832,BearerOf_RadNews,2
833,KappaOP,1
834,avnnit,2
835,reboa,64
836,QUESTBeAGoodPerson,4
837,kalilisa,1
838,Mr-Measure-Twice,1
839,Sister_Spacey,3
840,BraveheadsunnyJR,1
841,omganesh,1
842,keralaindia,5
843,couchdive,1
844,Spongeolo,3
845,jonotaa,5
846,BlurpleKatz,1
847,FrankenGretchen,1
848,boolerbury,2
849,Comfortable3099,2
850,LadyOfOz83,3
851,walia664,3
852,Sitamama,2
853,mzwfan,5
854,jefflee16,1
855,Valuable_Ad_1421,1
856,November-Colds,2
857,SpiriadSul,2
858,heretogiveFNupvotes,8
859,misstatements,1
860,escapefromnarcatraz,3
861,angelreddit16,3
862,matchettehdl,5
863,saltyhasp,24
864,Itslehooksboyo,7
865,Apsaras75,2
866,magnumpl,2
867,AdamFerg,2
868,Thatdirtymike,4
869,janwillgetbetter,1
870,outintheyard,1
871,jturker88,17
872,jackasher,2
873,jawknee_reyes,2
874,taylorgblock210,2
875,thatoddtetrapod,4
876,twistedcheshire,12
877,Worried-Egg-8560,3
878,Detective-Astatine,1
879,Unlucky-Constant-736,1
880,Kobalization,3
881,quirkyorcdork,6
882,jrm523,9
883,Fain196,4
884,Turbulent_Bear_1919,2
885,incredbuffalo,2
886,tepid_mess8,3
887,mxrichar,10
888,walkson_,1
889,sixstringshredder13,1
890,Sstinson28,4
891,Dumbass1171,2
892,Graciegracem,1
893,foxboro86likesboys,2
894,fuck_fate_love_hate,13
895,Jade-Balfour,1
896,West_Assumption_625,3
897,BlueKayak7,1
898,Benpea,2
899,Educational_Rate3117,10
900,Jazzlike_Coconut_667,2
901,OneLostconfusedpuppy,5
902,DataStaples,5
903,james_2021,1
904,NicPizzaLatte,8
905,Mushroomita,3
906,Hopeaadams,5
907,nametaken869,4
908,GameChanger_83,1
909,whap2013,1
910,nc-rlstate-dot,3
911,IcedCoffeeExtraIce,1
912,No-Flounder-5650,14
913,TobyADev,1
914,ThroughlyDruxy,20
915,Volodimica,6
916,lolomangogo,4
917,ieee8023,4
918,goldentoad12,2
919,wearamaskthx,1
920,MedicineDoc911,3
921,Iwillcancel,1
922,emmyjag,1
923,dibblackbird,2
924,Swift64911,1
925,ksny27,2
926,Holein5,5
927,Huge_Needleworker846,5
928,Jray23669,1
929,Ok-Aioli8622,2
930,DiggyBun,1
931,klef25,9
932,xiaoyeji,1
933,kjsdas5090,1
934,crimsondynasty323,1
935,thestevenalan,4
936,bdsbaby91,13
937,inadequatpoliticians,2
938,mstechart,5
939,motelradio,1
940,LieutenantDave,15
941,HalflingMelody,25
942,SoonToBeFree420,2
943,divaminerva,11
944,BellaLacrimosa,4
945,Lcity22,1
946,KenRoy312,11
947,aqumarine0016,2
948,oldehappycat,7
949,LoafThePug,3
950,Kartavious,3
951,Kirushi,3
952,greenerdoc,8
953,blind_wisdom,1
954,TallGrassGrower,1
955,Profii,1
956,surprisinglyadequate,1
957,Anthrax4breakfast,1
958,Rocklobsta9,2
959,CrappedInCrunk,3
960,Wade_Boggs_Liver,1
961,sage_moe,1
962,Oppomed,1
963,BonesReign,1
964,AccomplishedPeach443,1
965,pmabz,7
966,ChrisLJonReddit,1
967,Mzkazmi,2
968,Admirable_Baker,3
969,uuurrrggghhh,1
970,ReillyCharlesNelson,5
971,Tigress_7,2
972,GeekMomSW,3
973,allwooddental,1
974,OscarHM09,2
975,Womens_advocate,1
976,Live_for_flipflops,3
977,nav_program,3
978,ncg1,3
979,lambch0mp,1
980,PrayerMinistry,4
981,MatrixPA,6
982,itshh49,2
983,lalablahblahhaha,1
984,crocus38,3
985,TypicalTys0n,2
986,knittinkitten65,21
987,rrakesharmaa,1
988,Endlessly_Trying,5
989,alittleconfusedyeah,1
990,qbit1010,6
991,LunarTeacup,3
992,christawfer47,1
993,Anyonesman_1983,7
994,Leather-Yesterday197,5
995,Iamhappytoday1,1
996,stephendez,7
997,insubordinatesocks,1
998,sugartitsmd,1
999,mcdunn1,4
1000,transferingtoearth,5
1001,Embarrassed_Ask2078,1
1002,Dr-Yahood,2
1003,theworstvacationever,14
1004,yoyoJ,1
1005,stinkyturtles,13
1006,DiscontentDisciple,3
1007,ttttssstt,3
1008,-Tomward-,2
1009,Complex_Ad775,4
1010,PlasmaDragon007,2
1011,tennisatheist,5
1012,jukenaye,9
1013,knmens,3
1014,MADBARZ,6
1015,SeizeTheArts,1
1016,mathgeekf314159,4
1017,SilverShadow2030,1
1018,Katarina_the_great,1
1019,Justiceforallneeded,4
1020,vikingmurse,1
1021,theyellowbean,1
1022,Goldie0000,1
1023,imallinboozie,1
1024,biggerfriestofish,1
1025,AnxiousTakoyaki,2
1026,Healthandlife_pro,1
1027,andrewta,14
1028,HiFiGuy197,10
1029,shoot-me-12-bucks,3
1030,CookieBit1,2
1031,nathan_drake_000,1
1032,petergriffin2660,3
1033,geocentric-jujube,5
1034,sirmediocre,2
1035,artificial_osler,7
1036,FungalEruption21,2
1037,Wildmtnchild,21
1038,lauvan26,4
1039,Ok-Spinach-1418,4
1040,seamuscallsmered,5
1041,epicferret,1
1042,Dexian_Greyson,1
1043,rhodeislandnurse,15
1044,Abradantleopard04,10
1045,MelDeWeese,3
1046,keenkittychopshop,1
1047,MythSaraLee,1
1048,NoHinAmherst,11
1049,johnabbe,2
1050,davidhoffy,1
1051,breezehair,2
1052,74NG3N7,1
1053,Guinso,1
1054,yeaIcatdad,1
1055,ToothlessBlackout,4
1056,burneecheesecake,1
1057,OmegaOverlords,3
1058,pshaffer,11
1059,kg_from_ct,1
1060,JMCatron,6
1061,GezinhaDM,3
1062,scott_majority,4
1063,intuition25,1
1064,Syncretistic,5
1065,good2000000,1
1066,london_mustard07,2
1067,AtomTrapper,2
1068,Wonderful_Egg_8066,1
1069,Chinchillin24,2
1070,CNAHOLE,4
1071,ForProfitSurgeon,5
1072,Seagullsiren,1
1073,bluefootedpig,1
1074,d11suke,1
1075,QuickComplaint9,2
1076,budiegamez,2
1077,worldofjaved,6
1078,moxykit,3
1079,linac_attack,3
1080,capricorn143143,1
1081,ruralnorthernmisfit,5
1082,Competitive_Stand_71,1
1083,Alarick-Gamer,1
1084,EsmeSalinger,1
1085,deviateddragon,3
1086,More_Front_876,1
1087,Just_perusing81,9
1088,cdmaloney1,1
1089,bobogator,1
1090,Ahmedelnodi,2
1091,z0mbree,3
1092,thisisbasil,11
1093,dopalesque,16
1094,Personal_Talk6824,1
1095,SuddenlySusanStrong,5
1096,maple204,3
1097,Helpful_Inflation861,1
1098,ladygroot_,2
1099,juliettesierra,1
1100,2xfun,1
1101,Boongie3319,5
1102,BlackRaptor62,1
1103,burntsiena77,2
1104,rubyrose54321,5
1105,ultraprismic,5
1106,stumpedtown,6
1107,AvignonDoc,2
1108,SobeysBags,22
1109,CobraCommander420,1
1110,birdwatchinghero,1
1111,Serenityh2030,3
1112,kls10,5
1113,shermywormy18,4
1114,gracie20012,2
1115,VelvetElvis,10
1116,NowhereQueen,2
1117,Robeditor,2
1118,unicornrainbow007,2
1119,breachofcontract,7
1120,internalogic,1
1121,SkizzyB1997,1
1122,ayubshaikh12,1
1123,Glittering_Green812,1
1124,AndrewBoners,5
1125,DemNeurons,1
1126,Chief_Qamer,4
1127,MontalvoFL27,1
1128,MzJay453,1
1129,Camp_Spirited,3
1130,PieceOfNeverland_,8
1131,grohlier,9
1132,72VirginExpress,8
1133,jinsaku,4
1134,ironicmatchingpants,9
1135,epeper,2
1136,Mudtail,4
1137,accepted100,1
1138,caitnaps,2
1139,virgo_cinnamon_roll,3
1140,WRR_SSDD247,6
1141,judge_au,1
1142,nise8446,5
1143,purpleflyingowlette,3
1144,lukeott17,1
1145,Gambler23224,3
1146,runningforthills,4
1147,MichelleT1993,1
1148,earthoyster,1
1149,FocusInTheNow,15
1150,And_Reading,3
1151,TheWhalersOnTheMoon,1
1152,theonlyleedon,2
1153,Sydney2London,2
1154,vagipalooza,2
1155,crazybluegoose,3
1156,BearThumos,2
1157,rosenes2,1
1158,docmedic,5
1159,Awkward-Valuable3833,5
1160,FlakyCroissants,2
1161,Masribrah,1
1162,miao_ciao,1
1163,shyjenny,2
1164,frenchiebuilder,10
1165,participationmedals,2
1166,Smitty2433,5
1167,_cutie_pi,1
1168,lew1456,1
1169,kerry_lynn42,1
1170,megadodgerfan,1
1171,Able-Glass2277,2
1172,dry_wit,14
1173,CharacterAd5884,2
1174,Stormy_Sol,2
1175,HealthLawyer123,5
1176,memhoff,2
1177,Shoppershops,3
1178,StructuralReform,4
1179,projectsharkie,10
1180,miss-moxi,20
1181,drrhana,9
1182,RantRanger,2
1183,GnungusPhat007,14
1184,miss_miracat,3
1185,chachandthegang,2
1186,sweggersmeg,3
1187,AcanthisittaSad1606,2
1188,austingil7,6
1189,Firelite67,12
1190,ShibaCorgInu,9
1191,arsenic_adventure,3
1192,Aud_E,1
1193,outofrange19,1
1194,Snowflake41,1
1195,Portfolio_Books,10
1196,alilmagpie,16
1197,DarthVegeta,5
1198,DrTwinMedicineWoman,1
1199,djl0227,2
1200,pumpkintummy-,2
1201,Picie7O7,1
1202,LinearFluid,4
1203,dieinside,2
1204,LifeIsTrail,1
1205,iisirka,4
1206,Ok-Avocado-5876,9
1207,ManiczMedia,1
1208,West_Test,1
1209,thinkcontext,2
1210,BigDavesRant,7
1211,ReindeerRBttrThnPpl,8
1212,PrincessPears,3
1213,kstanman,8
1214,funchefchick,6
1215,walter10h,5
1216,Kirsten365,4
1217,Hraezlyr-,1
1218,missmethod,2
1219,gaandchodthrowaway,2
1220,zerophase,4
1221,Penetrating_Gaze,1
1222,Vehk,1
1223,ooMikeoo,1
1224,Passengerzero,7
1225,19sapphire19,4
1226,ILikeNeurons,6
1227,TheOddShoe,5
1228,BeerBaronofCourse,4
1229,EDRT79,1
1230,EconTonic,8
1231,Ailiuu,3
1232,Known_Speed6087,1
1233,trueslicky,1
1234,Sactoho,3
1235,geekaboutit,1
1236,JoeyBatters,3
1237,lindsiefree,1
1238,Hopeful-Monk3809,2
1239,justzdeals,2
1240,Mental-Priority8185,2
1241,LusciousJ,3
1242,MrLearner,1
1243,DrSolanas,1
1244,rlanger25,9
1245,Impossible-Mouse-811,1
1246,NorthImpossible8906,6
1247,mostlyawesume,9
1248,partyqwerty,6
1249,Karamas658,7
1250,LeafLemming,10
1251,david-licause,1
1252,CFPwarrior,5
1253,AnOddTree,8
1254,yadibear,3
1255,wgc123,1
1256,throwawayme89,1
1257,Hello_Ginger,1
1258,just_lemmebe1,2
1259,OvercomeThrive,3
1260,StephanieZhou,1
1261,Katyafan,8
1262,yungskywa1ker,1
1263,Mock333,7
1264,i-came-i-saw-i-karma,2
1265,jaimevxn,3
1266,anticipateorcas,1
1267,ParamedicSnooki,1
1268,Revolutionary-Side56,2
1269,AlcoholPrep,4
1270,DragonFuel,4
1271,thatsonlyme312,1
1272,tiredoldbitch,9
1273,twitterInfo_bot,3
1274,jordan_form,1
1275,florenceforgiveme,18
1276,No-Reputation-2900,4
1277,jdiz133,1
1278,urpapigey,3
1279,darkeagle03,3
1280,endofthefkingworld,1
1281,Naptiva,1
1282,LurkersGoneLurk,3
1283,straeant,4
1284,Standard_Ground9534,2
1285,Master-Wolf-829,1
1286,crowhop00,13
1287,S8krahs9,4
1288,sndncjd,2
1289,CVS-Transgender,6
1290,dr_hn_singh,1
1291,bigtimetim,2
1292,GooberMcNutly,6
1293,diarrheao_fthemouth,2
1294,valpaljoy,1
1295,Not_Eli200,1
1296,yellowcoloredcrayon,1
1297,Gonzo_B,4
1298,ageitgey,1
1299,Mangos28,1
1300,KeemRidge,3
1301,songsongkp,2
1302,vectorpower,5
1303,liv_yur_life,4
1304,SkellingtonsDontReal,3
1305,Yodas_Lil_Helper,6
1306,Oniseme,4
1307,WikiDaGreat,4
1308,onsite84,11
1309,mylifemylove,1
1310,biolmcb,7
1311,friendlypt-and-doc,1
1312,xesefas,1
1313,InfectionRx,4
1314,motion_to_squash,4
1315,k-w-e,3
1316,FibercutFriday,11
1317,Environmental-Set658,2
1318,the_sassy_knoll,5
1319,PickleChickens,4
1320,swampwiz,1
1321,Tropical868,1
1322,vtstang66,4
1323,Intelligentgandalv,1
1324,F0rksAnonymous,2
1325,ggbrown74,2
1326,harnessinternet,2
1327,terrahoward76,1
1328,knowthemoment,2
1329,Pleeebs,1
1330,QuintoniusGooch,2
1331,typeXYZ,2
1332,cloverstesticles,3
1333,ThePlottHasThickened,5
1334,justwantanaccount,2
1335,brendan_younger,7
1336,ChocoTheBiscuit,1
1337,Megaroni-n-cheeze,1
1338,Ipleadedthefifth,8
1339,lsscottsdale,10
1340,Kerrbears18,3
1341,Ya_Got_GOT,4
1342,mochiandme,2
1343,Krisma11,1
1344,Katrakit,7
1345,aaron_bobaron,1
1346,Sometimealonealone,8
1347,hammerandnailz,2
1348,zhallrr,2
1349,Menu-False,5
1350,One-Kind-Word,1
1351,grovelmd,10
1352,random13980,4
1353,spam_on,3
1354,The_Legendary_Shrimp,1
1355,AlimPlayz79,1
1356,Cobbler63,16
1357,TimeIsOutofOurCtrl,1
1358,stonksRuss,1
1359,LoopFlyRawker_01,10
1360,kan4ya,1
1361,Big_Grand7143,1
1362,paniflex37,5
1363,MarmyCakes1467,1
1364,thehomesteadhob,1
1365,Supre39Man,3
1366,doogles,11
1367,sdcarl,2
1368,Quiet_Cell8091,4
1369,kpcnsk,5
1370,Jerniearf30,1
1371,yellowplastic,2
1372,hiyatherebud,8
1373,WiFiConnected_,5
1374,Careless_Web2731,7
1375,GoldenTorizo,4
1376,babs_is_great,3
1377,Teyzani,1
1378,mojoburquano,2
1379,seniorsealion,1
1380,cerealghost,1
1381,Horse_Paste_Salesman,2
1382,Crimsonial,1
1383,Cute_Spide,5
1384,Shambhala87,4
1385,hatturner,2
1386,idkdc1031,5
1387,samolve_walker,4
1388,shakewellfnshorts,11
1389,No_Rub_6263,1
1390,crazygood415,1
1391,SpookyEmoLightWorker,1
1392,colieolieravioli,2
1393,Plastic-List-2439,2
1394,pseudosympathy,2
1395,DwightMcRamathorn,3
1396,templenameis_beyonce,1
1397,emilytullytime,2
1398,ggriffin2030,1
1399,LissaBryan,2
1400,Cougr67,2
1401,Quiggmeijer,2
1402,Mcbuffalopants,1
1403,vmsmith,2
1404,Franck_Dernoncourt,3
1405,illmaticrabbit,2
1406,pogeauxpossum,7
1407,Reading_Creative,3
1408,Charismatic_engine,2
1409,Lord_Greybeard,3
1410,heretoredd,1
1411,Where_is_Gabriel,1
1412,GimmeDaBeef1,9
1413,Jaebear_1996,1
1414,Squami11,2
1415,petaleraspberry,3
1416,CommanderHarley2050,1
1417,saltywithbutter,1
1418,quandlespoulesauront,1
1419,GullibleIncrease9066,1
1420,Ponder8,1
1421,ggordon011,1
1422,lateavatar,9
1423,reindeermoon,2
1424,Responsible_Public15,3
1425,utilitym0nster,5
1426,Mango_Maniac,6
1427,WatsUpWithJoe,4
1428,witness_protection,1
1429,miarobitussin,1
1430,kenpachiramasam,1
1431,SuperG52,13
1432,kikiweaky,30
1433,Sir10e,1
1434,Disimpaction,5
1435,BlackBra,2
1436,goaheadmonalisa,6
1437,sargueras,1
1438,Driftco,1
1439,Reder999,1
1440,AJB160816,3
1441,TheThingsiLearned,2
1442,c343,2
1443,diiaa36,4
1444,positivelycat,13
1445,linmarz,1
1446,woahwoahwoah28,7
1447,FartFragrance,11
1448,TheDeranged0ne,2
1449,NatBBliz,2
1450,OOOOOOOOOOOOOOOOOOO7,1
1451,suitcaseinherhand,5
1452,jackmillard1,1
1453,lynchmob2829,6
1454,RottenKodiak,3
1455,sullyims,2
1456,newsnweather,1
1457,19jessica94,1
1458,ArtificialJared,2
1459,boysnight1337,3
1460,Wolfiie23,2
1461,w103pma,1
1462,waitingattheairport,1
1463,tra-k,13
1464,night_runs_rule,1
1465,1962ish,1
1466,Bnerna,5
1467,Spotty-Prolific-444,4
1468,Freckled_daywalker,7
1469,xraypowers,2
1470,cupasoups,1
1471,NoGf_MD,2
1472,kashuntr188,1
1473,Then-Fun7165,3
1474,thespaniardtulio,1
1475,angelinaatz,1
1476,Fine_Pen9308,1
1477,BlueBICPen,3
1478,G0d_Slayer,3
1479,calxnn,1
1480,up_to_know_good,2
1481,aintnopicnic,1
1482,Empty-Mango8277,10
1483,tinytoes29,1
1484,Zo-Syn,3
1485,Kayrohs,7
1486,Vanah_Grace,3
1487,Dodinnn,5
1488,shwoopypadawan,2
1489,YourRoaring20s,2
1490,murikwe,1
1491,castella-1557,1
1492,wotchadosser,1
1493,HospitableRabbit,2
1494,CollectiveOfCells,4
1495,isitreal13,1
1496,headless_whoreman,2
1497,Back_County_Girl_13,6
1498,Dheapcos,1
1499,tcbisthewaytobe,2
1500,Raijen1,2
1501,Additional_Divide_22,3
1502,kath1719,1
1503,Oligodin3ro,3
1504,sininenkuu,1
1505,the9mapex1kid,1
1506,IDidWhatYesterday,12
1507,nonicohanako,8
1508,WorldlinessEvening32,1
1509,Zealousideal_Bug6047,2
1510,atvman1623,4
1511,ryangradsfu,1
1512,Tienoe793,6
1513,EvidenceorBamboozle,4
1514,tortadecarne,3
1515,AyeJayTwo,1
1516,paperfences08,4
1517,We_all_got_lost,4
1518,Ok_Pen_7118,1
1519,xAguax,4
1520,M_Ali_Ifti,2
1521,Alternative-Wall9178,1
1522,AnonTheRabbitGod,1
1523,Material_Homework_86,1
1524,Virophile,5
1525,Lorisp830,3
1526,munir369,1
1527,zebra-stampede,1
1528,3body_re,2
1529,schi854,2
1530,utilityofdata,1
1531,cjohns716,1
1532,Enimea,6
1533,Tyrrhen2Ionian,3
1534,TheDreamingIris,1
1535,theokayduck,1
1536,gobobluth,3
1537,Cyph3r_C3,1
1538,FiftynineSixtynine,2
1539,Viniros,1
1540,t3klead,6
1541,peacecorpszac,10
1542,toprecents,2
1543,unknowncalicocat,4
1544,bernaherb,1
1545,Fairroute,3
1546,Grammar-Bot-Elite,4
1547,Lenak98,1
1548,Awkward_Meaning_2459,1
1549,domiirose28,1
1550,SkyPuncher,5
1551,thosehatefulguns,10
1552,AccomplishedBuy589,1
1553,MLAhand,2
1554,Financial_Temporary5,3
1555,ritytightyleftyloos,7
1556,AWhiskyDoc,1
1557,nicosmom61,1
1558,SST1198,2
1559,Lumpy_Raspberry_3153,1
1560,Commercial_Muscle955,1
1561,hyderagood,13
1562,agiab19,8
1563,cinnamon23,1
1564,angelad153,3
1565,blamdrum,8
1566,XNoob_SmokeX,1
1567,Helpful_Village_7260,9
1568,SuicidalParade,4
1569,michaelmotorcycle92,1
1570,lilchikinnugget,1
1571,gangvshit,1
1572,hotglue0303,3
1573,Maydinosnack,2
1574,wolfandindie,1
1575,BasedProzacMerchant,13
1576,Plague-doc1654,3
1577,kaykakis,7
1578,Donniesteubins,1
1579,bodyelectrick,2
1580,hhhdjdjj,1
1581,wankmarvin,13
1582,Complicated_Business,1
1583,610Ken,5
1584,LearnDifferenceBot,1
1585,Master_of_Egg,1
1586,noodles4twoodles,1
1587,thamometer,1
1588,1111joey1111,5
1589,Afraid_Sandwich3315,1
1590,TheViscountess,2
1591,MarsWebb73,4
1592,Ciaran123C,4
1593,mmeganj,2
1594,btmalon,1
1595,cubehealth,1
1596,Pure-Recognition4384,1
1597,Damnaged,3
1598,mudfud27,5
1599,Create_Analytically,2
1600,Nesher1776,1
1601,lolalynna,1
1602,dkrheum,1
1603,OddBullfrog4367,3
1604,MikhailKSU,3
1605,Aktin,12
1606,LiterallyChar,3
1607,DavidLeeRothsBitch,6
1608,zenlovessnap,4
1609,Prior_Engineer,3
1610,Franklin_Pierce,6
1611,TracyMorganFreeman,5
1612,BrushYourFeet,2
1613,Responsible-Being-98,1
1614,reallibido,2
1615,midkirby,1
1616,ashleyywwilsonn,1
1617,Dodds-Furniture,1
1618,barbellhappyhour,3
1619,needletothebar,8
1620,user_jp,6
1621,cox_ph,2
1622,Morocco_Bama,6
1623,hoyasummer,4
1624,spe915,3
1625,Yo-Its-Yao,7
1626,kylebirch1,1
1627,tgf344,2
1628,idkreally2106,2
1629,tlaiakan,1
1630,booptruffles,1
1631,valentinesdai,1
1632,c-o-s-i-m-o,3
1633,JustWingIt0707,1
1634,hip_hop_opotimus,9
1635,CesarosPubicHairs,1
1636,amyphetamine,5
1637,I-am-near-a-big-lake,1
1638,ninjabyday99,1
1639,AniMelon111,1
1640,Affectionate_Stage_1,2
1641,MedinainMiami,4
1642,MrF_lawblog,6
1643,MetalMamaRocks,2
1644,Starlyns,3
1645,Confident_Ad5333,1
1646,laurelwreath-az,2
1647,That-Sleep-8432,1
1648,Ichor301,1
1649,1201alarmcode,1
1650,frsfam,1
1651,SnooChickens6129,1
1652,SainnQ,1
1653,tort1,1
1654,Miles-tech,6
1655,tucktuckgoose,4
1656,l3randonf,2
1657,starspangledxunzi,5
1658,moeterminatorx,8
1659,doctodoor1,1
1660,foreverwithscars,2
1661,SorceryMagick,1
1662,Vizzerdrix42,1
1663,80Lashes,2
1664,LtenN-Lion,3
1665,ggreine,9
1666,grapemike,1
1667,lotsofhubris,2
1668,LER_Legion,1
1669,SayceGards,1
1670,Blackmesa232323,4
1671,monkeyphonics,2
1672,GrandBadass,2
1673,z0mbiechris,1
1674,1mamapajama,6
1675,BokitoBoss,2
1676,joyfulforacynic,3
1677,Buhdumtssss,7
1678,Aliree44,2
1679,NoDetail3670,2
1680,poochied,3
1681,SpaceCadetKat,4
1682,RVA_GitR,7
1683,jlanzobr,1
1684,jaybee8787,3
1685,B0tRank,3
1686,DancingYoshi,1
1687,Shakespeare-Bot,2
1688,saintghosts1,1
1689,Mamma_Nikki,1
1690,turd_miner91,6
1691,AmputatorBot,1
1692,BroomStick-,2
1693,aliciasawesome,1
1694,spqkypr_a_riddle,1
1695,-FatherTeresa-,1
1696,rhoniri,10
1697,poutyhowdy,8
1698,TombaughRegi0,1
1699,dannylenwinn,2
1700,optical_mommy,1
1701,tdubstrix,2
1702,BirdBuddi,2
1703,AnitaLaffe,1
1704,lurker1992_nyc,1
1705,Badasstechiejay,3
1706,redhair127,1
1707,Wutpomelo,1
1708,katskill,7
1709,MalGal31,1
1710,samisnotalemon420,1
1711,iNocturnal69,1
1712,hola_vivi,5
1713,Iknowevery-thing,10
1714,bigblueberryboobies,1
1715,heart_block,2
1716,TuckingFen,1
1717,Severe-Chemistry-977,3
1718,Rivermill,1
1719,eziern,10
1720,HIPPAbot,10
1721,xoAsianBarbiexo,2
1722,carmenw1,1
1723,Anna_2012,2
1724,Budget-Ad5335,1
1725,FLAVOREDmayonaise,3
1726,Upside_down_emu,1
1727,MJE0409,2
1728,catelijoy,6
1729,megabolt32,1
1730,Transfusion_reaction,5
1731,dogcatyolk69,2
1732,excitebike_fife,1
1733,Titan3692,2
1734,austin_EV,2
1735,BESuzy,3
1736,Funny_Drink_3732,1
1737,NameSuccessful4651,1
1738,patienceQ,2
1739,ocsob25,1
1740,LivingAndDreaming,1
1741,greenoofman,9
1742,Able_Armadillo491,3
1743,delight182,1
1744,SubieGamer,1
1745,meifahs_musungs,1
1746,dontgetpnisy,2
1747,tehcnical,1
1748,SodaSlaughter,1
1749,Roger_Elliott,1
1750,AFew10_9TooMany,5
1751,Yannabanana447,4
1752,ninetiez,2
1753,Minecraft_Daddy,1
1754,genescheesesthatplz,2
1755,NicNic8,7
1756,melojamm,4
1757,chimmy43,3
1758,jadedgemz,5
1759,CrimsonMango1,1
1760,celsius232,2
1761,fruitsnacks4614,1
1762,dirtyMAF,1
1763,ReferenceSufficient,4
1764,krichcomix,1
1765,thetaborn,1
1766,taeyoungwoo,2
1767,MY___MY___MY,5
1768,PeoplesDr,2
1769,mihaianton00,2
1770,Mikeroscopic_,1
1771,MaIngallsisaracist,1
1772,Stoneworks_Health,8
1773,DawnCB20,2
1774,vicfirthfan,3
1775,WRIG-tp,4
1776,Wastelandfoxx,1
1777,HandyManPat,5
1778,daniellett,2
1779,keel_bright,1
1780,DogSpark84,1
1781,gloryyid,7
1782,minorthreat999,4
1783,Firefighter_RN,10
1784,InterestingAd1992,3
1785,Lizeegrl,2
1786,MKE2421,1
1787,swordslayer777,3
1788,ManBitcho,3
1789,OliverMarkusMalloy,4
1790,StevenW_,3
1791,Turbulent_Friend1551,2
1792,Pittedstee,2
1793,Electrical-Mine2898,1
1794,se_kend,2
1795,Salty_Wealthy,1
1796,CompetitionFit8236,4
1797,scorp-rising,2
1798,tpafs,5
1799,epanek,2
1800,LA24Moto,3
1801,yournannycam,24
1802,SupSeal,5
1803,damm_n,5
1804,Positivechoke,2
1805,Plantmom67,10
1806,No-Locksmith7916,1
1807,Apettyquarrelsays,2
1808,Adventurous_Jicama82,1
1809,ColoradoGrrlMD,3
1810,mia1980,1
1811,NPVT,2
1812,WA5GFT,1
1813,r3dd1t0rxzxzx,8
1814,UninterestedScholars,1
1815,seagreencrayon,1
1816,amberliz,3
1817,guitarfluffy,3
1818,annahell77,4
1819,N00dles98,1
1820,ReporterAndrewFord,1
1821,jmax3rd,1
1822,dumplingkitten,4
1823,niggyreddit,1
1824,sarahjustme,5
1825,DiprivanMan,1
1826,Derkxxx,7
1827,ChrisHansen6969,1
1828,Tannhausergate2017,1
1829,not_a_legit_source,5
1830,Ds685,6
1831,MotherSpinach,3
1832,joletto,3
1833,MyAlternateAleksandr,16
1834,adamR1982,2
1835,airbornemint,1
1836,MisterBaker1,5
1837,itstellaaa,1
1838,Candid_Brilliant361,1
1839,Impressive-Injury215,11
1840,LooseWillow6898,2
1841,Flyersunionfan,1
1842,Major_Presentation51,1
1843,VotreColoc,1
1844,Thisisallie,5
1845,Ok_Connection_7936,2
1846,Ok_Interaction1776,4
1847,PussNuggets,3
1848,megabucks123,2
1849,Realistic-Tennis-496,2
1850,mnbradford87,4
1851,RPS102030,3
1852,substantiate1,1
1853,Independent-Owl-8500,3
1854,TheIntruder997,1
1855,ALZknowing,4
1856,Scarecrow0313,4
1857,reddit_4_info,5
1858,Familiar_Comedian_98,6
1859,Beemac20,6
1860,too-eazy,2
1861,vo_zentify,1
1862,TIPRock88,1
1863,butsenpai,3
1864,Danielferrinn,3
1865,reactance_impact,2
1866,nenesavelives2,1
1867,TheRealSMTV,7
1868,Ok_Forever0,1
1869,karmaapple3,1
1870,brazzyxo,9
1871,Hohfflepuff,2
1872,Tonitz,4
1873,Cluelessguitarman,1
1874,nopenguinsallowed,7
1875,RemindMeBot,1
1876,Longjumping-Pack9907,9
1877,Just-Lychee372,2
1878,kmq19,25
1879,NurseQuixote,1
1880,stylingstar,2
1881,genuinedissapointtt,2
1882,left_schwift,1
1883,thatsMsCriztoyou,1
1884,MaximilianKohler,7
1885,theMRSbehindtheMD,1
1886,abbygd93,1
1887,is-hindsight20-20,1
1888,all-time-tacos,3
1889,hasty222,1
1890,One_Nurse,12
1891,bigdmasterjames,8
1892,YetAnotherY,3
1893,Aixamscouty,2
1894,UzimakiRasengan,1
1895,ridingtimesarrow,1
1896,BlueEyesHotThighs,1
1897,Blahonian,1
1898,AntiBullshyt,3
1899,sp5009,1
1900,Vienafrisco,3
1901,Veloziraptor,1
1902,Training_Future,2
1903,Karm0112,5
1904,legendary24_8,4
1905,kmahj,1
1906,Peace_Love_Science,1
1907,VexedCoffee,2
1908,palmyragirl,2
1909,shamdock,6
1910,ayowtf,1
1911,iTzDraco3426,1
1912,lara_jones,5
1913,thethreatfulamoeba,1
1914,Noki_C,5
1915,michelejean1,1
1916,Tjerino,2
1917,enjoyyouryak,2
1918,kaka8miranda,1
1919,printupr,2
1920,TheLibertarianNurse,7
1921,orange_confetti,1
1922,howevertheory98968,3
1923,coffeecatsyarn,3
1924,tenyearsgone28,8
1925,winglefrinks,2
1926,medlabunicorn,6
1927,seriouslyfunny02,8
1928,Ashadyna,2
1929,annas99bananas,5
1930,milletkitty,8
1931,Doctor_Realist,1
1932,ChocolateDab,2
1933,WildGiraffe96,2
1934,JodieIX,1
1935,destatree,1
1936,boddz,1
1937,atierney14,1
1938,synthetic111,4
1939,Haunting_Instance581,1
1940,jonnyyboyy,3
1941,A_Morsel_of_a_Morsel,2
1942,elphiekopi,2
1943,NurseRattchet,1
1944,ClapboardArchipelago,1
1945,Oferial,1
1946,Slytherclaw12,2
1947,therosebushlive,1
1948,dr_shark,9
1949,mlt-,9
1950,Effective-Control,2
1951,Deathparty,2
1952,offendedappletitty,3
1953,Present-Sentence4683,1
1954,Extreme_Late,2
1955,fuckmeuntilicecream,1
1956,ekot1234,2
1957,JohnnnyBravo_,1
1958,giganticmommymilkers,9
1959,KeikoTanaka,3
1960,Thebeardinato462,1
1961,magenta_mojo,1
1962,kec232,1
1963,Mr___Manager,1
1964,1nsomnlac,2
1965,ShotFish7,3
1966,Sir3Kpet,6
1967,thrustnbust123,9
1968,ATsillhere,1
1969,gardencookCO,6
1970,SayTheMagicWerd,1
1971,curiouscase982,1
1972,Doctor_Dumass,1
1973,beellllaaa,2
1974,emperorchaz,1
1975,Apollotort,1
1976,Dbsdreamworld,1
1977,hotcocoa4ever,2
1978,StockDot,2
1979,Consolation-Prize,2
1980,stresseat4lyfe,1
1981,HeyHaberdasher,3
1982,Empathyinhealthcare,2
1983,BirthdayImpressive49,8
1984,Alidinak,2
1985,ectbot,4
1986,ggpolizzi,1
1987,medic_undecided,5
1988,xokaylanicole,1
1989,Noswe,4
1990,kayla17a,1
1991,jamie0253,1
1992,Nitehawk32_32,1
1993,Old_Machine_3216,1
1994,BetweenThePosts,4
1995,Ginungan,2
1996,lonertub,2
1997,Belladona_nurse,1
1998,nylajx,3
1999,faigirlz77,8
2000,OppositeRecording551,1
2001,prettyinpink2319,2
2002,MUKid92,3
2003,happilyunpleasant,1
2004,mutatron,1
2005,ginimanemo,2
2006,ttoillekcirtap,1
2007,ElishevaGlix,1
2008,Thedapperavocado,1
2009,One-Ad-3133,1
2010,StrongRelative,2
2011,Neuromyologist,3
2012,chickendogfoot17,1
2013,GapGullible9801,1
2014,alpjeffrey,1
2015,Solid-Head2108,2
2016,squintyshrew9,1
2017,yourrenotthebossofme,1
2018,UPdrafter906,3
2019,brooklynlad,1
2020,RobbyRillo,1
2021,wombtemperature,2
2022,ShamKid90,3
2023,HomersNemesis,1
2024,EducationalHandle989,1
2025,TheBiggerWhy,3
2026,Naglafarni,5
2027,Crossfitter57,1
2028,grizzlymaze,2
2029,Mazziemom,8
2030,KipTerp,3
2031,jonahum,1
2032,hhaileyymariee,1
2033,i-am-jacks-spleen,1
2034,redshadow90,3
2035,wadephaust,2
2036,IlikeYuengling,3
2037,praguepride,1
2038,sunflowertech,1
2039,saucynana,2
2040,From1tobacon,4
2041,projekt626,4
2042,978346587236,3
2043,Ok-Depth-2678,6
2044,WAKA_WAKA_ORLANDO,1
2045,Iwas31whenisignedup,3
2046,shadow1515,11
2047,royshail94,1
2048,milespoints,3
2049,darthtatortot,1
2050,bumblethestrange,1
2051,ididntseeitfrash,2
2052,tovolo,1
2053,YandTtyler,3
2054,Harsh-Realities,1
2055,wikipedia_answer_bot,2
2056,SeniorLIFE60,2
2057,thundersass,1
2058,Lanky_Introduction69,1
2059,enserioamigo,2
2060,EMC0n,1
2061,Jaiiiiifire,1
2062,duckyregan,2
2063,T_dantes,3
2064,RightoftheLeaf,1
2065,MikeGinnyMD,2
2066,coucheggplant,1
2067,klucas503,3
2068,Beachy5313,5
2069,NoDepartment8,1
2070,Maleficent_Wolf502,1
2071,jenntoops,2
2072,RevolutionarySand758,5
2073,Brilliant-Wealth5899,4
2074,Lyricdear,1
2075,KendraMontgomery,2
2076,the_drunken_taco,2
2077,xalxary2,1
2078,Badbrad087,1
2079,Slg0519,2
2080,0nlineme,6
2081,Duke_Dame,2
2082,WispWriters,2
2083,msbonnie0414,6
2084,zombicat,6
2085,Extremely-Bad-Idea,7
2086,sbruno33,1
2087,RageAgainstTheSurge,1
2088,Snoo-51132,1
2089,EchoWillowing,2
2090,Stonecutter_12-83,1
2091,Accomplished_Mix8976,2
2092,mattOmynameO,2
2093,wild_vegan,2
2094,Cattatatt,8
2095,badinplaid19,2
2096,IdiopathicBruh,3
2097,Flince,1
2098,beedlejooce,1
2099,texasusa,2
2100,MinecraftPetCemetary,2
2101,Lost_In_Godot,1
2102,Grouchy-Craft,1
2103,dbsus_lik,3
2104,crystal_help_please,6
2105,sitmebackdown,4
2106,Pipezilla,2
2107,SmackPrescott,1
2108,waltvark,11
2109,n3xus-7,2
2110,Humble-Okra2344,1
2111,velomatic,3
2112,James-Goydos,4
2113,cleanser,2
2114,NoWayKimosabe,1
2115,boyd4715,4
2116,RubyBBBB,2
2117,classicmint1934,2
2118,jfried51,1
2119,OutsideBeautiful0,1
2120,Aegidius25,2
2121,Bongsoir,4
2122,Mordekhizer,1
2123,smitty_nik,1
2124,girthless_one,2
2125,BjornBpaw,1
2126,astronehs,8
2127,TalkNecessary755,1
2128,mmkkmmkkmm,1
2129,saltywasp,5
2130,GroinFlutter,11
2131,Contagin85,3
2132,PDSAcycler,1
2133,MommaChickens,1
2134,R3d_J4y,1
2135,EeKiLostMyKeys,1
2136,ljeesy,1
2137,jakwnd,1
2138,hshealth,6
2139,greencymbeline,4
2140,Dizzy_Science_5438,1
2141,Chipitz,4
2142,y2546,1
2143,ElderberrySad7804,11
2144,sadandexhausted,2
2145,Hamburger4627,3
2146,Budget_Number_3547,4
2147,evolvs,1
2148,Sea-Emu8897,9
2149,timee_bot,5
2150,zaygiin,1
2151,_feverdreams,1
2152,lorentedford,4
2153,EchoOk6361,1
2154,tomedwardsmusic,1
2155,smarterthanyoda,3
2156,littlekodama_,4
2157,MaJust,4
2158,justapcp,1
2159,62WoodsRd,9
2160,hoodiepatto,1
2161,CandarianLynne,5
2162,friedeggcell,1
2163,holagatita,2
2164,ombremullet,1
2165,forsythiacorsage,1
2166,TNCherryBlossom,1
2167,mummersaurus,1
2168,IPokePeople,1
2169,krankheit1981,1
2170,mmathur95,3
2171,Prudent_Director_482,1
2172,ProvocativePig,3
2173,medicinecrowh,2
2174,Mxo7746,1
2175,Murreng,1
2176,anon9172yh,1
2177,EndlessWanderer316,1
2178,bean_the_fiend,3
2179,Patient_Caramel_1084,3
2180,R4ptorbunny,1
2181,CommunityPharmacy,1
2182,sliderturk99,2
2183,List05,1
2184,3Y-coffee,1
2185,Deep_Thinker99,2
2186,jiminaknot,1
2187,peachycoldslaw,2
2188,Zebananzer22,1
2189,Ms_Zesty,7
2190,PartiallyFamous,2
2191,electric_onanist,1
2192,PotentialMillionaire,5
2193,trextra,7
2194,MifamiliaEsTodo,1
2195,69ShadesOfGrey,3
2196,iwasntlucid,1
2197,rookieoo,1
2198,travelbubbly,3
2199,the_timezone_bot,8
2200,Independent_Lemon732,6
2201,Embarrassed_Ad8829,1
2202,blindjoedeath,2
2203,This_Daydreamer_,1
2204,DemWiggleWorms,1
2205,obstin8one,2
2206,diadiktyo,1
2207,nyccapri22,1
2208,Sk0331,2
2209,all_of_the_colors,2
2210,whisperskeep,2
2211,CAloveNJattitude,1
2212,workmartyrwmt,1
2213,psirjohn,5
2214,exgiexpcv,2
2215,Arbok-Obama,1
2216,Armory_Aesthetics,1
2217,funusername2022,1
2218,sweetdancer13,3
2219,girllawyer,5
2220,Katdchu,1
2221,eric987235,1
2222,michaela128,7
2223,ChrisIsAPotato,4
2224,Madeitup75,3
2225,mynameistoolongtosay,4
2226,TieWebb,1
2227,allmosquitosmustdie,2
2228,Myyellowblanket,7
2229,SlipKid75,3
2230,Owlwaysme,1
2231,yeetmyweed098,3
2232,Dear-Butterscotch830,3
2233,H0rus0ne,1
2234,ShirelG-Med,1
2235,joemully,1
2236,ShamokinArea,2
2237,ramier22,1
2238,domerdog,1
2239,nycrap99,2
2240,jjake132,3
2241,gloryzxy12345,1
2242,ThanosvsShrek,4
2243,1cor15_1-4,1
2244,trowwaith,1
2245,No_Independence2750,1
2246,whatusernamedoipick,2
2247,Sad_Lobster_5445,1
2248,Rorroka,1
2249,Toothfully_org,4
2250,aliciacary1,4
2251,Conniverse,3
2252,That_Squidward_feel,1
2253,Curious_Humanity,1
2254,alwaysaddmoregarlic,1
2255,villi-villain,2
2256,SweetRue,1
2257,healthbenefitsf,1
2258,kattaganist,1
2259,dazzlingupstairz,1
2260,UnableStranger,1
2261,clrl040340,3
2262,Life_Economics1564,2
2263,MartianMarshmellows,5
2264,Infinite_Extreme4894,1
2265,Randomuser19889,2
2266,ot_kelsey,1
2267,Zpyro,1
2268,somethingstrang,4
2269,bathtubsarentreal,1
2270,shoenberg3,2
2271,CulinaryRocks,4
2272,cherokeemich,3
2273,wintrymixxx,2
2274,JJsbff,1
2275,StefenMcLoven,8
2276,Ipartywithweirdos1,1
2277,the_evolved_male,3
2278,Larylloyd,1
2279,filbertyamyam,1
2280,ccmo813,1
2281,iliketoreddit91,3
2282,ianswerinsuranceqs,1
2283,NSFW_Spiderman,1
2284,jeffersonsam99,3
2285,Sufficient_Roll_826,3
2286,gwalibounder,4
2287,Dirtydog693,6
2288,t4cokisses,1
2289,Busy-Character-845,10
2290,yeldudseniah,2
2291,florida_lawyer,6
2292,amorecasualapproach,4
2293,newginger,1
2294,puglifemama,1
2295,os1123,1
2296,barrett_50_cal,1
2297,tree_lights93,2
2298,dosdogos,1
2299,CatManifesto,2
2300,rusticbunny,1
2301,altima777,1
2302,Uzzer_lozer19,1
2303,MallyOhMy,1
2304,btwdgirl,1
2305,sonofhappyfunball,1
2306,bigjoocylips,1
2307,puppycat69,1
2308,crazyeyedmcgee,1
2309,otterpop1989,2
2310,Badnewz18,3
2311,Murphy133,1
2312,fartmitten,1
2313,declassifiedden,1
2314,ajzaff,1
2315,Ray23dz,1
2316,alnwpi,1
2317,0ct0n10n,1
2318,LokiThe5th,1
2319,ErisGrey,3
2320,Border_Giant,1
2321,BackgroundAccess3,1
2322,g00dluckduck,1
2323,shann0n420,1
2324,checkedem,4
2325,CLikeAFox,3
2326,Shadow_Songs,2
2327,Al1nZew,4
2328,NeuronNeuroff,1
2329,MrBurgsy,4
2330,HealthAdvisorGuy,3
2331,wisegh,2
2332,scartissue2020,2
2333,ent-doctor-istanbul,2
2334,Nobody_Witty,1
2335,Banana___Bread,1
2336,Content_Caregiver_97,2
2337,clicksangiggles,2
2338,No-Diver2212,1
2339,More-Sprinkles29,1
2340,haikusbot,3
2341,QuicaDeek,3
2342,cemeterykitten,1
2343,redddc25,4
2344,_BioPsychoSocial_,1
2345,Prestigious_Ad9801,2
2346,karilarsen15,1
2347,Disastrous-Nebula463,1
2348,nubbs1,1
2349,ln2b8,1
2350,ExtensionElegant2485,1
2351,iiiimagery,2
2352,jenkswife02,1
2353,OHdulcenea,1
2354,Saywhat75,4
2355,4BucksAndHalfACharge,1
2356,Matsapha,2
2357,mac_n_cheese_is_life,2
2358,ozgirl28,1
2359,quietdavid,1
2360,Corona_extra_lime,2
2361,Johnnygunz123,2
2362,guardianthealth,1
2363,romeoa007,1
2364,Nero29gt,2
2365,Hot-Ad-6967,2
2366,Jbaker2290,1
2367,pmpork,4
2368,ZealousidealHabit550,1
2369,william_moran,3
2370,OneOfUsOneOfUsGooble,1
2371,here_for_the_meta,4
2372,jmarie777,2
2373,MetricsArePeopleToo,1
2374,Micole-1,1
2375,munchmunch69,1
2376,owlerinoids,1
2377,bblade115,4
2378,2ndBreakfast__,1
2379,ilovedogsandbeer,1
2380,SelfAwareMachine,4
2381,healthcarepatriot,1
2382,bethula,1
2383,K_Brady,3
2384,Sniggy_Wote,4
2385,Adernister,5
2386,btpie39,2
2387,ChilandlerBong,5
2388,lunasia_8,1
2389,RedditerNik,1
2390,pelcgbtencul,3
2391,AgravatedArdvark,3
2392,kingfisher397,1
2393,nousernameformeeeeee,4
2394,AbeSomething,2
2395,eaglerock2,3
2396,florlunayamor,2
2397,birdkey26,1
2398,TellMeYourSecrets3,1
2399,Krussdog46,1
2400,mrsphilbertgodphry,1
2401,appsmaven2014,2
2402,Skuggidreki,1
2403,ZarathustraEck,1
2404,93rd_of_marchuary,2
2405,gogetvilma,1
2406,mnorthwood13,3
2407,Pepsoreal,8
2408,NutGuzzler_,1
2409,haydonpitch,6
2410,Overrider_Joshua,2
2411,GuiltyCantaloupe2916,1
2412,oDDmON,1
2413,TheJuiceGrenade,3
2414,Bryant4751,1
2415,splat313,1
2416,lightnofox,1
2417,mugheadOG,1
2418,derm-itch,1
2419,Misanthropicposter,3
2420,3beanz,2
2421,EmperorXenu,3
2422,raindrizzle2,1
2423,WildHealth,1
2424,michaeltssemwanga,1
2425,Automatic-Nobody-155,1
2426,Terreon,2
2427,patchgrrl,1
2428,mhaegele888,2
2429,Affectionate-Grand92,5
2430,DOStudentJr,5
2431,ForestGoblin44,1
2432,laurathestara,1
2433,Quartersharp,1
2434,Tubmas,1
2435,CodgerConsulting,2
2436,boop_da_boo,1
2437,MHSRA,1
2438,ptypitti,1
2439,MyDictainabox,1
2440,Ok-Stomach-4173,1
2441,BigAshSmoker,2
2442,agov261,5
2443,Original-Opening-866,1
2444,Few_Try1053,1
2445,Dependent-Ring-5697,3
2446,2Confuse,3
2447,DTJ1313,1
2448,dexvd,1
2449,Paigenacage,3
2450,WesMantooth541,2
2451,foxdvd,4
2452,AneurinB,2
2453,earlgibbs,2
2454,SwellingStorm,1
2455,kmelis22,1
2456,tapefactoryslave,2
2457,ArcaneMiss,1
2458,DamnitFlorida,4
2459,collhall,1
2460,Jhood1999_1,1
2461,robertredberry,2
2462,Ok-Possibility-5066,2
2463,Bearseatpeople2,2
2464,therealsoggybread,1
2465,solatidoremifa,5
2466,1-800-AVOGADRO,2
2467,neonoir,1
2468,_DitchDoc_,2
2469,amandeephospital1,1
2470,SaintMarinus,7
2471,Inmortal2k,1
2472,jaridmalon,1
2473,Pebbles416,2
2474,Michaelpitcher116,3
2475,wang1182,2
2476,aimedisglobal,1
2477,Dindu92,1
2478,doctormink,1
2479,thundersnake7,4
2480,TNTransplantFromNY,1
2481,Pnflkc3,1
2482,iamonlyoneman,1
2483,MrB2White,3
2484,rideanyway,1
2485,ciciloveskoo,1
2486,Tricktrick_,5
2487,Clendn,1
2488,coolfx35,4
2489,DeathMaiden27,8
2490,No-Pomegranate4735,2
2491,6C6F6C636174,2
2492,drossdragon,2
2493,queer_princesa,3
2494,klist641,1
2495,UnmatchedDO,1
2496,Hasoon_9,6
2497,you-look-adopted,1
2498,SweetVsSavory,2
2499,Meiji_Ishin,1
2500,sWtPotater,1
2501,capitocoto,2
2502,jimseyjamesy,1
2503,randomymetry,2
2504,reereedunn,1
2505,OriginalGobshite,1
2506,kills_a_lot,1
2507,HaveAQuaranti,2
2508,Whole_Dependent_3731,2
2509,PCprincesscarolyn,2
2510,FlutieFlakes22,2
2511,StinkyMcD,2
2512,sira1d,1
2513,traceyboi-69,1
2514,joey_sticks3,1
2515,da1gefz,1
2516,popularsongs,1
2517,Spottyrabbit,2
2518,shawndavidson705,2
2519,calgaryhart,3
2520,Pole2019,1
2521,squeeemeister,2
2522,Depressedandelion,1
2523,shotgun_ninja,3
2524,tlv1102,2
2525,Objective_Science_99,2
2526,pianokeysrock,3
2527,FuklzTheDrnkClwn,1
2528,zhouston76,1
2529,1whiteboy,1
2530,BuffDaddy720,1
2531,bodhibirdy,1
2532,mbowwow,2
2533,RetiredGun,1
2534,moeron69,1
2535,Iupvoteanimals,4
2536,Lucky_Strike-85,4
2537,Berabouman,2
2538,doctorK95,5
2539,chicanita,1
2540,jason_jones19,1
2541,melmeb44,2
2542,muchaboutnothing27,7
2543,Kitkrish,1
2544,durkadurkdurka,3
2545,FreehealthcareNOWw,1
2546,jwright24153,3
2547,snumbers,1
2548,jamster1960,1
2549,lookinfordaloot,1
2550,mugginns,2
2551,tsefardayah,1
2552,CultiVader,1
2553,Phazer-Gannon,1
2554,AmalgaNova,2
2555,I-billionaire,1
2556,Additional-Switch-78,1
2557,KingHealth,1
2558,ieatpuzzles,1
2559,savvvie,3
2560,TristanTheRobloxian0,1
2561,Dehydrated-Penguin,3
2562,StrongSpicyBoi,1
2563,OffRaspy,1
2564,NN2coolforschool,1
2565,Night-owl-582,1
2566,anniemaew,1
2567,EdWorks99,1
2568,JPharmDAPh,1
2569,racinkc1,6
2570,blind_venetians,3
2571,WELLLIFETIPS,1
2572,_gina_marie_,8
2573,PatsyR99,1
2574,captainsave,1
2575,notarobot1020,4
2576,hemoglobetrotter,3
2577,realgrxvity,2
2578,CaptainJay2013,1
2579,Dr_Howard_Smith,3
2580,wellwellwell12345678,1
2581,cq1220,1
2582,Steelballpun,2
2583,chikasam30,1
2584,ky_climber,1
2585,hiitsyaz,2
2586,Thestablabscientist,1
2587,m_c__a_t,3
2588,TopGrowa,1
2589,Desperate-Ad-1326,1
2590,MikhailDovlatov,1
2591,shakenoliveyoualot,1
2592,luuvie,4
2593,Db202X,1
2594,1234deed4321,1
2595,JackKellyAnderson,1
2596,maddieafterdentist,2
2597,4-me,1
2598,bikerbomber,2
2599,hedgehog1410,1
2600,justscrollingbi,1
2601,deftonezzzz,1
2602,datguyty123,1
2603,ItsSolomon,1
2604,Doc_murr_e,1
2605,Invius6,1
2606,sanantoniojackson,1
2607,XNonameX,1
2608,alphabet_order_bot,1
2609,Suffolk1970,1
2610,HermanCainsGhost,7
2611,RandyButternubsYo,1
2612,BadDrugsRBad,2
2613,addictedTOink,1
2614,ih8acapella,1
2615,Cats_n_Kickz,1
2616,Too_Practical,2
2617,KitKat1287,1
2618,lilangelkm,2
2619,hammie38,1
2620,xxshole,2
2621,littleantbigworld,3
2622,flybobbyfly,2
2623,Wickse101,2
2624,jhulc,3
2625,juicyeffinpeaches,1
2626,snowy_snake,1
2627,RollinStoli,4
2628,woke_lyfe,1
2629,ImPolicy,1
2630,Gigglestomp123,3
2631,_anais_anais_,1
2632,itsgoingtibiagoodday,1
2633,CrabMagoo,1
2634,TheDavern,1
2635,hotlinehelpbot,1
2636,techydoc,2
2637,Queenofwands1212,1
2638,GreyerGardens,1
2639,60_-_09,3
2640,WH1PL4SH180,1
2641,Seffbane,1
2642,Divinelyrecast,1
2643,Bright_Pomelo_8561,4
2644,jupiterdinosaur,1
2645,Edgarlove,1
2646,jeferesidenz,1
2647,darthrynwyn,1
2648,pakepake,2
2649,Muted-Mess-2041,2
2650,Rich_Fix3534,1
2651,34Dell17,3
2652,askmimi89,2
2653,Existing_Group4145,1
2654,bm098g,1
2655,jasilucy,1
2656,tmckay725,3
2657,Bright_Priority7453,1
2658,2greeneyes,5
2659,HippySpaceViking,1
2660,Rowsdower_was_taken,1
2661,ChicagoChurro,4
2662,shamdog6,2
2663,flyaway411,1
2664,Live_Construction860,1
2665,Dullycleat19,1
2666,Capabledogleg66,1
2667,kwt8,8
2668,INeedsAMap,1
2669,Kindaoddmilla,1
2670,spinnxker,2
2671,JustJess234,1
2672,DDean95,1
2673,DeanLeach,1
2674,Ill-Consideration974,1
2675,jakowobie,2
2676,Nineblackberries,2
2677,LuisHuang4Irvine,6
2678,iruleatants,1
2679,cacti-and-cats-,6
2680,roooooooooooops,1
2681,yasmarramsay,1
2682,billyfinchapel,1
2683,Lorigirl5666,2
2684,Manoj_Malhotra,1
2685,MatthewLMBT,1
2686,littledingusbigbrain,1
2687,egcc289,4
2688,Vicex-,2
2689,scottishdoc,1
2690,directtodvd,2
2691,velvetforest,2
2692,Temnothorax,1
2693,That-Maintenance-967,1
2694,simpleanion,3
2695,workmonkey_v01_02,1
2696,lulpwned,1
2697,Zestyclose_Line8972,2
2698,zinobythebay,1
2699,gangsterbabykale,2
2700,klau55,2
2701,hannahbananers,1
2702,Old_Cheek_6597,1
2703,SOSFinance,1
2704,rebecca91099,1
2705,Ok_Judge_966,1
2706,raviyadil,1
2707,whoistylermuse,5
2708,StopFlaky8111,3
2709,In_comes_Nick,3
2710,satansniper,2
2711,nur_rajib,1
2712,i-love-tree-rats,1
2713,6footaceofspades,1
2714,emerbott,2
2715,setsails,1
2716,Sazzzyyy,4
2717,LookHere_LOOK_LISTEN,1
2718,lf995,1
2719,MADNICH,1
2720,uraniumrage,2
2721,txtx2323,1
2722,needsmorecoffee,1
2723,fortheband1212,1
2724,DiamondRForever,1
2725,fraujenny,1
2726,lonnyk,4
2727,Reatbanana,1
2728,coke_queen,3
2729,the__Meliorist,1
2730,Snoo26013,2
2731,comatokes,1
2732,JoeIsIce,3
2733,beezph,2
2734,dispicablespecktacle,1
2735,Danson1987,1
2736,pierogi_nigiri,1
2737,skilnrosevelt,2
2738,Background_Apple_812,1
2739,Few-Juggernaut-9227,1
2740,BeginningFancy,1
2741,robertovertical,3
2742,FormerAd2776,2
2743,okiefromga,1
2744,elelanikinbaku,2
2745,lilplump4,2
2746,kjhujhuf,1
2747,Pagungun,1
2748,ropeknot,2
2749,xIR0NPULSE,1
2750,musicfanatic85,1
2751,mo_rye_rye,5
2752,Hestula,2
2753,thisisatypoo,1
2754,ResidentB,1
2755,wondertheworl,3
2756,Johnny-Switchblade,1
2757,Lustkicks2490,1
2758,stilltrying17,3
2759,Okeeonekenobi,3
2760,GregoryLeeChambers,2
2761,chandaliergalaxy,3
2762,krisweng2021,1
2763,intensely_human,2
2764,danidunmire,1
2765,mononalive,1
2766,inbetweenbuffoon,2
2767,mr-fabulous,1
2768,ambitiousjellyfish,1
2769,Embarrassed-Bird-271,1
2770,kim_soojin,1
2771,simmantics,1
2772,Seven1s,2
2773,Good_vibe_good_life,1
2774,Wise_Presentation785,2
2775,bollymmm,1
2776,Jokengonzo,1
2777,oyegeekhow,1
2778,gljo,1
2779,Runwithme01,3
2780,MaryFrancieNolan,2
2781,jonboy333,2
2782,anejanej517,2
2783,IMDoc12,1
2784,Flyingcolors01234,1
2785,Greedy_Strategy_3729,1
2786,acerthorn,2
2787,Penguinldy,2
2788,riponkumarbanik,1
2789,totescutie567,1
2790,shewrotethat,1
2791,Healthtipsite,3
2792,upsetmonarchy31,1
2793,ghared-ishaqa,1
2794,Historical_Help_41,1
2795,PlumbasTheMighty,2
2796,Reply-Consistent,4
2797,Bodakchyna,1
2798,Its_me________,1
2799,allyrealtyfl,5
2800,Towardsenimity,1
2801,Pianonubie,1
2802,simplerminds,1
2803,thanksforcomingout,1
2804,Accomplished_Amateur,3
2805,trippygypsy,1
2806,darthaxolotl,2
2807,queenofthenerds,1
2808,Motor-Ad-8858,2
2809,Felis_Terriblis,1
2810,gorillaBBQ,6
2811,KPKenway,2
2812,bongo_zg,1
2813,Mary_Locum_Recruiter,1
2814,flannelchic,3
2815,PhishOhio,2
2816,MarieDRDLD,1
2817,y2ketchup,4
2818,Sati_and_Sand_Storms,1
2819,ChrisWGault,2
2820,TiedinHistory,2
2821,Jaxgirl227,1
2822,PtitCrissG,1
2823,DiscoMagicParty,3
2824,Odd-Direction298,4
2825,somdude04,5
2826,quitlookingatyerlabs,1
2827,Chase757,1
2828,BoilermakerInMKE,1
2829,ghealach_dhearg,2
2830,worrierhero,1
2831,Exciting_Crow3,3
2832,anthroadam,1
2833,kissmyabbis422,1
2834,csnorman12,2
2835,ChefGeorjr,1
2836,Gretel_Cosmonaut,1
2837,cdnusa,3
2838,The-Miami-voice-,7
2839,DivineConsumer,1
2840,Xichlali,2
2841,CaptivatingCorgi,1
2842,fariasaif,1
2843,justherbsscotland,1
2844,lfsuarez,1
2845,pittsmasterplan,1
2846,Humanoid207,1
2847,homemadepopcorn,3
2848,EphemeralFruit,4
2849,funkeymonkye,4
2850,RavenMistwolf,1
2851,Sadlysadlysad,1
2852,plasmak11,1
2853,Loonyleeb,1
2854,Living_Watercress,2
2855,InterestedTurkey,1
2856,AGlimmerToAGlow,4
2857,a_new_start_987,3
2858,Elsa_the_Archer,2
2859,MrWolfandMamaBear,1
2860,movieshowtheater,1
2861,cheeseyma,2
2862,Healthcare-and-Truth,1
2863,MakaveliTheDon87,1
2864,thatcutieuknow,6
2865,YZA26,1
2866,spikyman,1
2867,BrainofBorg,1
2868,ballroomaddict,1
2869,PitifulDebt1,1
2870,angrylawnguy,4
2871,aenaesthaesia,1
2872,420NightOwlRamblings,3
2873,engineer-chad,2
2874,medtips101,1
2875,KrabbyOhMondays,2
2876,BookOfBookTitles,1
2877,Need-Help-1213,1
2878,MichaelPraetorius,3
2879,DrJinji,3
2880,Niccichan,2
2881,AlexForTheNguyen505,1
2882,EarthIsInOuterSpace,1
2883,VeblenWasRight,4
2884,kurbach1,2
2885,Successful-aditya,1
2886,kishi,2
2887,Skokob,1
2888,DeviIDonut,1
2889,EquilibriumMachine,2
2890,Artistic_Media,1
2891,blablefast,1
2892,lingonberrypancakes_,2
2893,SmeldorTheEmperor,1
2894,mcjon77,1
2895,Smiling_Jack_,2
2896,reallyliberal,4
2897,thotcriminals,3
2898,Humble_Discount5734,3
2899,wildrn,1
2900,PETMOFF,1
2901,Meridian-12,1
2902,No_Mess1006,1
2903,robthirty,2
2904,mistinguett,1
2905,transuranic807,1
2906,BribableSugar,2
2907,AllyourBenefits,1
2908,HuskerLiberal,1
2909,INRtoolow,1
2910,legendfriend,1
2911,Crazyhellga,1
2912,netherfountain,2
2913,AntiObnoxiousBot,1
2914,Plutopowered,2
2915,lilllllister,1
2916,Hebbianlearning,1
2917,CrystalCat420,1
2918,Chicago1871,1
2919,needvitD,2
2920,halfNelson89,2
2921,bigdawg4life,1
2922,GenderNeutralBot,1
2923,thebearjew123456,2
2924,WinfieldHughey,1
2925,EnragedApostate,1
2926,Sulfuric_plooms,3
2927,octodanger,2
2928,Suspicious_Bid870,1
2929,mrquality,1
2930,LeBron_James69,1
2931,FatherSpacetime,1
2932,BrotherPresent6155,1
2933,chrissul13,5
2934,gigem27,1
2935,linseylinseylinsey,2
2936,sral95,1
2937,mabols,1
2938,Alaska_Pipeliner,1
2939,DCSM6,8
2940,TorrenceMightingale,1
2941,marieyoung381,1
2942,Apprehensive_Ad4572,2
2943,Lmaoyougotrekt,2
2944,weedNbreed,1
2945,curious_ape1,1
2946,Cipusas2001,3
2947,mpizzo123,1
2948,Sunshineal,1
2949,secretviollett,1
2950,tennistoss,1
2951,colorado686boardin,1
2952,puala-koalar,1
2953,Primary-Coconut3208,1
2954,hotfixaid,2
2955,LeJinsterVE,3
2956,SGZone,1
2957,Same_Elderberry_3342,1
2958,ajs2300,1
2959,matthew091100,1
2960,Embarrassed-Ad-9137,2
2961,chorizosyn,2
2962,bawsakajewea,2
2963,Yardboy,3
2964,Vvvtwinkle,1
2965,EstablishmentOld1921,2
2966,yinzergonewild,2
2967,ImaginationCo,1
2968,99Fan,1
2969,TopLeftCheddar,1
2970,Odd-Boot-7352,1
2971,Automatic_Pressure41,3
2972,Bovine_Arithmetic,1
2973,evlgreeneyez,1
2974,fixture25,1
2975,porterhousepotato,1
2976,Quiet_Attitude4053,2
2977,WorkingTackle8202,1
2978,Kenekamchukwu,1
2979,qb344,2
2980,justinchenry,1
2981,chishtegative,1
2982,DisastrousSet11,1
2983,Ham-N-Burg,1
2984,Gingersnaps_68,1
2985,Separate_Shoe_6916,2
2986,basefx,1
2987,BikerMurse,1
2988,Godspo32,1
2989,vallydap,1
2990,United-Bus-1764,1
2991,OmieBloomie,1
2992,Saint_vincent24,2
2993,barfy_the_dog,1
2994,Willzohh,5
2995,WingedScapula12,1
2996,Hot-Butterscotch-918,3
2997,isramobile,1
2998,Character_Bomb_312,5
2999,fisticuffin,2
3000,Subtlevibes,2
3001,one_game_will,2
3002,RevolCisum,2
3003,RonMFCadillac,4
3004,havocwreaker5,1
3005,abcdlmno010,2
3006,allegedlyittakes2,3
3007,CommonwealthCommando,1
3008,StatusUnk,1
3009,Defiant-Penalty8335,1
3010,SKTPF,1
3011,herbert420,1
3012,sold-separately,1
3013,H20_Sakin,1
3014,Camekazi,1
3015,Shenaniganz08,3
3016,BreakMyFallIfYouCan,1
3017,Alarming_Mud6964,1
3018,drnarendrachahal,1
3019,Safeforwork8945,1
3020,Significant-Fox5038,2
3021,Yama29,2
3022,JonathanEspo,1
3023,Dependent-Bonus-3192,1
3024,Coach_516,4
3025,Parsias,2
3026,Tamagotchi41,2
3027,rusty_underbelly,1
3028,Ketibos,1
3029,mannywilkins,1
3030,HelHathNoFur,1
3031,j_mence,1
3032,SC_23,1
3033,Apprehensive-Fix7560,1
3034,MolecularGenetics001,1
3035,FindItHealth,2
3036,tigrayadey,1
3037,sbarnesvta,3
3038,stayawayfrompharmacy,2
3039,Delightfully_Tacky,1
3040,Aurelian1960,5
3041,Primary_Pluto,1
3042,maeiow,2
3043,Comfortable_Cow_701,1
3044,auntiemonkey,2
3045,Soundscape_Ambler,1
3046,tbbucher,1
3047,farleytain,1
3048,Bibi_home_9961,1
3049,mochimaromei,1
3050,LockableDeadbolt,1
3051,Idahodoglover,2
3052,Legitimate-Cherry839,3
3053,SeekUp4Ever,3
3054,tacoyaki11,1
3055,crazypoolcat,1
3056,DeepnetSecurity,1
3057,Interesting-Garbage1,1
3058,SerJaimeRegrets,2
3059,DoubleRah,1
3060,BecomingLilyClaire,1
3061,debosprite,1
3062,Smart_Ad_875,2
3063,sad-butsocial,1
3064,HealthInsuranceOhio,2
3065,lilyluc,2
3066,equestrian123123,2
3067,Proxio23,1
3068,bladex1234,2
3069,Bozzer999,2
3070,Helpful_Purchase5691,1
3071,SuperCooch91,1
3072,Silver_Effective_515,1
3073,Similar_Craft_9530,1
3074,CodAmir,4
3075,tylerjsylvester,2
3076,yellowwelephants,1
3077,sauvignon_blonde_,1
3078,WaterIsWetBot,1
3079,lemonsintolemonade,2
3080,jascms,2
3081,zoobacca,1
3082,littleedge,1
3083,tubl07,1
3084,s_kel,1
3085,frigginAman,4
3086,ckdCosmo4805,1
3087,Inevitable_Appeal790,3
3088,Cold-Lynx575,1
3089,AguilaEagle76,1
3090,ch1253,1
3091,theoneabouthebach,2
3092,A_Pair_of_Choppers,1
3093,JustCurious5970,1
3094,chichi_2,1
3095,jenkins4eva,1
3096,bruinaggie,1
3097,Drangoncloud13,1
3098,flesruoy,2
3099,theNicky,1
3100,Ambi3n,2
3101,mcfukky,1
3102,that_guy042,2
3103,DudeB5353,1
3104,Electronic_Spring_14,1
3105,jrmil,1
3106,No-Detective4056,2
3107,Crazyhowthatworks304,1
3108,cococajo,1
3109,TheUnthinkable,2
3110,explorer0101,1
3111,DrEricB,1
3112,Latinguido79,1
3113,kanoo22,1
3114,whereis9and3quarters,1
3115,CharlieIce32,2
3116,SgtPenisMcPenis,1
3117,__truth_seeker__,1
3118,NotMyRealView,1
3119,PiercingBrewer,1
3120,meeeeeeehehe,1
3121,seanpaul9000,2
3122,stinky_auloagerio,1
3123,mehka123,3
3124,AnonKat91,1
3125,math135135,1
3126,groundunit0101,1
3127,Fulcrum87,1
3128,PTnotdoc,1
3129,teachmedatasci,2
3130,JoostagramYT,1
3131,slothful_boy,1
3132,sakurastea,4
3133,Airlineguy1,1
3134,Transit0ry,1
3135,drcordell,4
3136,AssassinDog8,1
3137,cmb93x,1
3138,Silver_Dynamo,1
3139,ISTof1897,1
3140,ZIVYO,1
3141,davinia3,2
3142,Steiny5843,1
3143,introusers1979,1
3144,chillin24g,1
3145,Ok-Common-3975,1
3146,ashleybyplants,1
3147,CIjahoika,1
3148,pleasetakethisID,1
3149,jeffsterboy,1
3150,Theenlightentoughts,1
3151,justlurking1988,1
3152,FriendlyFoundation47,2
3153,candicemeyer529,11
3154,TheOrneryArtistry,1
3155,finndego,1
3156,LongComedian5615,1
3157,cxpanda,1
3158,KoderKoala,1
3159,PuzzleheadedCow4101,2
3160,New-Following5531,1
3161,CinnamonRoll172,1
3162,ConceptAlert7493,1
3163,Galvanized-Sorbet,1
3164,Kate00707,3
3165,Most_Acanthaceae_842,1
3166,Acorn_Henry,3
3167,RogueViator,1
3168,Gates9,1
3169,Ky3031,1
3170,iamii12,1
3171,Pangamma,1
3172,HappyDaysMyDays,1
3173,just_argues_with_you,1
3174,breathfree,1
3175,scyphozoakyphosis,1
3176,kailskails,2
3177,mnate07,2
3178,Protomech99,2
3179,Tall_Introduction_63,1
3180,Magaisacancer,1
3181,BicCherry,3
3182,Imaginary-Ad6594,1
3183,dizzygizzy82,1
3184,guswil,2
3185,marcusory,1
3186,seethrusecrets,1
3187,somecrybaby,4
3188,searcherqna,1
3189,mrcrayon01,1
3190,brandsie,1
3191,MachineGunEtiquette,1
3192,Final_Stop_3263,2
3193,Vast-Chip-3712,1
3194,ViciousSquid,1
3195,Alarming_Condition27,1
3196,fitnessbrian2012,1
3197,ipostfreely,3
3198,Defiant_Jellyfish264,1
3199,melone1133767,1
3200,Starbimlaw1,1
3201,S_Dumont,1
3202,ConferenceSea4924,1
3203,awbb7,2
3204,Virtual-Western7713,1
3205,188415jakjak,2
3206,km8524,2
3207,thedesiclinic,1
3208,hilesai,2
3209,early__retirement,2
3210,895501,1
3211,lemurianelf,1
3212,SnooMachines8383,1
3213,QuInTeSsEnTiAlLyFiNe,7
3214,Snarfius,1
3215,compubomb,1
3216,the_sexy_bean,1
3217,Amarinth,1
3218,asdf333aza,1
3219,semideclared,2
3220,iridecent_stormcloud,3
3221,anon4182,1
3222,ajk1535,4
3223,StorageTall560,1
3224,JustHere2CorrectYou,1
3225,smarteepantz,1
3226,Crow87rr,2
3227,frozensponge,2
3228,delfunky,3
3229,usernames_r_lame,6
3230,bystander007,1
3231,ane20,2
3232,UnluckyChemicals,1
3233,Eazie_E,1
3234,RealCabber,4
3235,thereisme,1
3236,nopemobiohorta,2
3237,NoayaBidjess,1
3238,useles-converter-bot,1
3239,editorjoy,1
3240,Atxafricanerd,3
3241,MothaRuckaJones,1
3242,outlawverine,2
3243,tanner_r_young,1
3244,ResponsibleBread8833,1
3245,HappyHippy96,1
3246,420DeliveriesBoston,1
3247,pinknotes,2
3248,IAmTheNoodleyOne,1
3249,turkeysaurusrex,1
3250,chiefnurse420,1
3251,idasu,1
3252,fastaid21,1
3253,SquidBroKwo,3
3254,fucktheshill,1
3255,SolarPlanula,1
3256,DStudge23,1
3257,fballzer,1
3258,MrPigmy,1
3259,PseudoGerber,2
3260,b055w0m4n69,1
3261,smartyhands2099,2
3262,SMS5189,2
3263,kinxrs,1
3264,iamrahul3,2
3265,Nate379,1
3266,Youcanteatthesticker,2
3267,nobodyknows388,1
3268,peoplesuck357,1
3269,snooshoe,2
3270,EvErYLeGaLvOtE,1
3271,LebronJamesOverrated,1
3272,howlongwillbetoolong,1
3273,NowYousCantLeave1,1
3274,ReptileWrangler,1
3275,radskis,2
3276,Lola4155,1
3277,TheBigBrezinski,1
3278,silversynth,1
3279,KassDamn,1
3280,hye53gfs9970frg54,2
3281,ExtensionTooth6439,1
3282,ZeahRenee,1
3283,Sniper_Legend,2
3284,Jack-Arthur,2
3285,restingbitchface2021,1
3286,MedIzKool,1
3287,nspokoj,1
3288,coffeebeerqueer,2
3289,MrmedIn,1
3290,swiftarrow9,1
3291,studentdoctorchris,1
3292,ttcmixtape,2
3293,Lolacat420,1
3294,healtheworlf,1
3295,ileade,1
3296,EddieFonRadio,6
3297,fearofblood,1
3298,HipHop_Local_Legends,1
3299,MidlevelWTF,4
3300,blinkts,2
3301,TrblShooter43,2
3302,abcNYC1,1
3303,Zaratheus,1
3304,PolkaD0tMom,1
3305,SeaTotal940,3
3306,throwaway619824,1
3307,onelb_6oz,2
3308,IamMarcJacobs,1
3309,HamJam1988,1
3310,The_Runo,1
3311,Chesser94,1
3312,renegaderaptor,1
3313,BTM-dfunk,1
3314,axspharma,2
3315,jbizz8894,1
3316,imogenscarlet,1
3317,UsualChampionship1,1
3318,takeflight414,2
3319,PeanutFarmer69,1
3320,olcrazypete,2
3321,pwrof3,1
3322,calle04x,1
3323,ratherbflyin,2
3324,DistractedGoalDigger,1
3325,twofaze,1
3326,Passit2Madden,3
3327,Sukiyamma,1
3328,Pirate_of_the_neT,1
3329,SSMMBMBSBMM,1
3330,Adam_is_Nutz,4
3331,drummerfirst,1
3332,DesiBell6480,2
3333,chazfarris,3
3334,Soupcindy,1
3335,home_ec_dropout,1
3336,buskamuza,1
3337,gadzooks1111,1
3338,Spicy_German_Mustard,1
3339,johnnyyqueen,1
3340,rosesync,1
3341,Noodles4radish,1
3342,nanoavocado,1
3343,MJProximo,2
3344,hypotheticalromance,4
3345,robynlayne,2
3346,ViseCreator,1
3347,mucurentpeach101,1
3348,foghornrd,1
3349,trillybilly24,2
3350,health_advocate,1
3351,Expert-Candy-3685,2
3352,giatekla,1
3353,Ro_The_Great,1
3354,Somali_Pir8,1
3355,lateral_G,5
3356,okSpring,4
3357,srholl,1
3358,ChickenNugger369v2,2
3359,sofuckinggreat,1
3360,StevenSCGA,2
3361,Warm-Preparation-101,1
3362,markymarc86,1
3363,bastet3535,6
3364,Far_Coyote_2635,1
3365,QueenMorganism,1
3366,mrsgripp,1
3367,meditech2022,1
3368,bc7711devin,1
3369,GivesMeTrills,1
3370,sugarmollyrose,2
3371,Marts40,1
3372,LurkBot9000,2
3373,desimerolling666,1
3374,kcombinator,1
3375,kittyofuwu,2
3376,yobabymamadrama,2
3377,Diligent-Cat3216,2
3378,folksypunk,1
3379,earlyseven09,1
3380,jewelergeorgia,1
3381,No_Lime793,1
3382,deen1802,1
3383,knockonformica,2
3384,SpLiTxlife,2
3385,6amp,1
3386,magnes44,1
3387,Shinsent,1
3388,sarakh12,2
3389,imabluedot,3
3390,limited_moc,3
3391,dull-pencil,1
3392,sassypapaya,1
3393,KurtisKiesel,1
3394,WamBam3,1
3395,GundamDO,1
3396,howhighcenter,1
3397,TransylvaniaPrincess,2
3398,Vonyikks,1
3399,Cerebral-Hemorrhage,3
3400,nomi_13,1
3401,NoStomachForCancer,1
3402,Daydahyoungin,1
3403,Ione_Skye,1
3404,jakeandroxy,1
3405,Folsombear1123,2
3406,EfficiencyArchitect,1
3407,StrangeButSweet,2
3408,bamboo_of_pandas,4
3409,Reddit_Ruined_It,2
3410,CauliflowerNo1086,1
3411,GracelyC,2
3412,JohnsongabReal,1
3413,Lightinthebirdcage,1
3414,FindtheI-llllIllllll,1
3415,tamaraortas,4
3416,aesco90,5
3417,meresymptom,1
3418,selfpayhealthcare,1
3419,neptune3000,1
3420,bigDPE,3
3421,Beboobooped,1
3422,oldandkindly,1
3423,HappyFunNiceGuy9,1
3424,PresidentRaggy,1
3425,brebre431,1
3426,Acrobatic-Ad-5186,1
3427,coldbedsheet,1
3428,aclays,3
3429,Technical_Ad_755,1
3430,hellyeah227,3
3431,Butterbawlz,1
3432,toodledeejew,1
3433,sakuaya,1
3434,Positiveshiz,1
3435,tmayn,1
3436,CheerioJack,3
3437,kamiisamaa,1
3438,AdorableKittyuwu,1
3439,sleepyturtle81202,1
3440,AddyTurbo,2
3441,tamparnguy2,1
3442,Tegridy-Farms,2
3443,koalaprints,5
3444,hollaatchoboo,1
3445,SaltyFonZ,1
3446,seaph03nix,1
3447,FrankieLovie,2
3448,Hoodthor,3
3449,RogerInNVA,1
3450,Anarimus,1
3451,girlnextdoor9797,1
3452,rosemama1967,1
3453,abysskk,4
3454,bbnetworking2022,1
3455,gerbil_jammer,3
3456,Alvarindre,3
3457,ImGoingGhost7919,1
3458,dashofgreen,1
3459,FloridaBoneWizard,2
3460,inPrestiwetrust,1
3461,ruminantlover,1
3462,blitzandheat,1
3463,DoomGirDoom,1
3464,zorramedical,1
3465,Jerome_MyNameIs,3
3466,maedchen_tanz,2
3467,loved0ne,1
3468,Health-fitnesszone,1
3469,nuhlinga777,1
3470,CitizenDolan,1
3471,Mister_Fakename,1
3472,unikid1,1
3473,lunaprey,1
3474,ButterflyHot1723,1
3475,mothsandhoneydew,1
3476,ParamedicNo6190,1
3477,financemajot,1
3478,Darnocs1,1
3479,SnooGiraffes3736,1
3480,RocketR3,1
3481,Truthxsaber,1
3482,HairballTheory,1
3483,mays505,1
3484,nerdecho1,1
3485,hippopotamus82,1
3486,MissTenEars,1
3487,tidni,1
3488,Busy-Hope-5764,1
3489,SilentMomento,1
3490,causeyeffect,1
3491,blendertricks,2
3492,Kat231,1
3493,thugpoobear,1
3494,paullmullen,1
3495,cray_psu,1
3496,jimmydanol,1
3497,Retroviridae6,2
3498,_smvrt,1
3499,Paid-Not-Payed-Bot,1
3500,rap31264,1
3501,Lukraniom,1
3502,wtf-am-I-doing-69,2
3503,snbrd512,1
3504,egg0_sandwich,1
3505,IxDrZOIDBERGxI,1
3506,EnnuiOuiWe,1
3507,SwiftieNA,1
3508,Consistent-Painter51,2
3509,bruseido,1
3510,rauhweltbegrifff,2
3511,Bringbackbarn,1
3512,Miele3,1
3513,SaltHoliday9420,1
3514,Comprehensive-Air826,1
3515,MrBaloonHands228,2
3516,flowerstorm1,3
3517,dangerrnoodle,1
3518,inb4-downvote,1
3519,Jintro7Cthulhu,1
3520,cocinci,2
3521,FenersHooves97,1
3522,cubscoutnine,1
3523,Tarable,1
3524,KelVerity,1
3525,Tall_Brilliant8522,1
3526,bb4yo,2
3527,micah00m,1
3528,hpghost62442,1
3529,Icy-Area-9525,1
3530,alphacertified,1
3531,Hot_Middle7570,1
3532,CATSAREGLASS,1
3533,EgoDeathChris,1
3534,theoAndromedon,1
3535,Eaxl94,1
3536,daniel_35mm,1
3537,MansonGirl15,2
3538,CheshireTeeth,1
3539,coopanda,5
3540,hchau00,1
3541,HamsterBaiter,1
3542,Xdiana175,1
3543,jazzzyfresh,1
3544,rit56,1
3545,NeedFreeWine,1
3546,carvousol69,1
3547,1-Glen_AdamM,1
3548,Jazzycullen,1
3549,GotMilkTZW,1
3550,sthenianotes,1
3551,Diganne,1
3552,IngloriousZZZ,1
3553,CR33PN_,1
3554,MaseJames777,1
3555,False-Philosopher704,1
3556,healthit_whyme,1
3557,Dull-Asparagus-5732,1
3558,No-Philosophy5461,1
3559,luckymonarch,2
3560,No_Gas_4956,1
3561,Norther-niceasmr,1
3562,MosxDef,1
3563,islandiy,1
3564,dunkindud11055bo,1
3565,CmmH14,1
3566,i3Letitgo,1
3567,keeplooking_71,1
3568,adityaverma023,1
3569,copenhagen_bram,1
3570,Discipline_Tasty,1
3571,nietmijnnaam,1
3572,Owelet182,1
3573,_2XNice_,1
3574,dmart89,1
3575,ChangeGlum,1
3576,prepamaddy,1
3577,Lalagar,1
3578,studley1337,1
3579,CureusJournal,1
3580,primo72978,1
3581,terremotico,1
3582,Solid-Mess,1
3583,john133435,1
3584,kowainotkawaii,1
3585,tarasmagul,1
3586,RnGRamen85,2
3587,CGutta,1
3588,WolverineMan016,1
3589,jaxsondeville,1
3590,jjkwifeu,1
3591,nutritiongxn009,1
3592,Phototoxin,1
3593,TayBaby17,1
3594,measure_of_effect,1
3595,yessiquitaa,1
3596,DrTreeMan,2
3597,MrsEmilyN,1
3598,Roscmour,2
3599,gen3ric,1
3600,adbne,1
3601,Specific_Tooth867,1
3602,AurumArgenteus,2
3603,kstonemark,1
3604,Amigone2515,2
3605,fedolbean,1
3606,desertrose0,1
3607,WankSpanker,1
3608,Vervain7,3
3609,Throwaway_9494949,1
3610,Gigigigigigigii,3
3611,InternationalCan7313,1
3612,freshkohii,4
3613,yourfavroomie,1
3614,TimeIsGoLd2022,1
3615,BrightCup9772,1
3616,God-first-1974,1
3617,walkonwaterjesus,1
3618,leogrr44,1
3619,Serious_Rip_5144,2
3620,P0RTILLA,1
3621,8DaysA6eek,3
3622,JackoffAllTrades101,1
3623,truthneedsnodefense,1
3624,BulldogInvestments,2
3625,ChubRub68,8
3626,Neva_green,1
3627,matthewescool,1
3628,Squirrel479,1
3629,ayetav,6
3630,king_lezzy,1
3631,MrPizza79,1
3632,taky1,1
3633,multi20neeed,1
3634,OSU725,3
3635,KyloBinks,1
3636,Pandiosity_24601,1
3637,sarcasticnutella,1
3638,literallythem,1
3639,ghostcal45,1
3640,Additional-Past3736,1
3641,Reddit-Book-Bot,1
3642,theEdward234,2
3643,OK8e,1
3644,ethan16n,1
3645,Mister-Knowledge,8
3646,mursemanmke,1
3647,imitationcheese,2
3648,MrSakkal,1
3649,DHgirl_,1
3650,Rathganis,1
3651,keepitgoingtoday,1
3652,anonumousj,2
3653,SnusSatan,1
3654,1outof3pod,1
3655,LowTideBromide,1
3656,DO_doc,1
3657,Global_Individual_37,2
3658,Status-Composer-2209,1
3659,MidMidMidMoon,1
3660,BoldyJame5,2
3661,lilmomokiller,3
3662,ebaycantstopmenow,1
3663,Omni_Smith,1
3664,Anirudh_reddit,1
3665,Bookincat,1
3666,C0mp5en5ati0n,4
3667,gabescharner,1
3668,genixtec,1
3669,laumarocco,1
3670,medic8311,1
3671,Thy_Name_Is_Anxiety,1
3672,spotlesszephyr,2
3673,wiblejc,1
3674,Research_Liborian,1
3675,traveladdikt,2
3676,Fit-Satisfaction-739,1
3677,that_girl099,1
3678,Dry_Giraffe9343,1
3679,Glittering_Ad1649,1
3680,kalenotwhales,3
3681,Bdock52,2
3682,icantplaytheviolin,1
3683,rosepetalpoop,1
3684,beeweeishere,1
3685,curiousadam777,1
3686,Stam018,1
3687,rainangel39,1
3688,beeyekah,1
3689,HoGo2012,1
3690,Recent-Treacle6626,1
3691,nathanj37,1
3692,trtr23,1
3693,MrRuby,1
3694,MichiganMan1992,1
3695,smak097,1
3696,timfinch222,2
3697,Professor_Squirrell,1
3698,teach_me_about_NBA,1
3699,supermagicpants,1
3700,Graphvshosedisease,1
3701,guano_guapo,1
3702,GogoGolferGirl,1
3703,burneraccount0723,1
3704,Retrisz,1
3705,potatopig108,1
3706,siutta,1
3707,Tatsiana_Isakova,1
3708,Callmetybo,1
3709,Baron-Munc,1
3710,TK-07,1
3711,OccidentallySlain,1
3712,SadisticPuppy53,1
3713,asclepiusofarcadia,1
3714,sshkal,1
3715,MadBliss,1
3716,Crafty_Mix_1935,1
3717,mazhar69,1
3718,JayInvest760,2
3719,vaibhav94gupta123,1
3720,rachelcorrinne,1
3721,Sallymandra,1
3722,rustyrusty315,1
3723,Whywei8,1
3724,Thefallen777,1
3725,burtzev,1
3726,Apryl3821,1
3727,RedSurgeo,1
3728,rocket31337,1
3729,offthewallness,1
3730,Pretoriaani,1
3731,gutprof,1
3732,poobearcatbomber,1
3733,brian1974,1
3734,Koolaidolio,2
3735,squeeshyfied,1
3736,purplegirl2001,1
3737,Neha_blogger,1
3738,being-weird,3
3739,Historical_Cut3698,1
3740,mlaratro,1
3741,sturmblast,1
3742,got_rice_2,1
3743,ncsu1998,1
3744,Gilly-Hicks,1
3745,rownezza,1
3746,CobraPony67,1
3747,AtlantaMD,1
3748,k1ttyhawk,1
3749,D15c0untMD,1
3750,VarietyPotential3905,1
3751,ffffrankenstein,1
3752,sometimes-somewhere,1
3753,OpenlyFrank,2
3754,tx4468,2
3755,Inevitable-Archer327,1
3756,srmcmahon,2
3757,rhodyjourno,2
3758,MotvStr,1
3759,Hapless_Hamster,1
3760,AbbieTheGaymerQueen,3
3761,General-Assist8866,1
3762,mxh6229,1
3763,asian_girl_fascism,2
3764,Coyote-Connect,1
3765,andie1519,1
3766,Ebonyks,1
3767,tsfliss16,2
3768,BevAnn21,2
3769,esentr,1
3770,CustomC,1
3771,ZookeepergameNo677,1
3772,cactus_jo,1
3773,lambdaCrab,1
3774,FloridaInExile,1
3775,thisisnotawar,1
3776,khushbu96,1
3777,AC0RN22,1
3778,Dark-Horse-Nebula,1
3779,warrior242,1
3780,isthisfsaeligible,1
3781,graykblack,1
3782,Brilliant-Sugar5979,1
3783,buenchingon,1
3784,amnred103,2
3785,wpolo02,1
3786,mallkinez23,2
3787,dumb_buttss,2
3788,DioniceassSG,1
3789,hazelnut_mylk,3
3790,Dry-Adeptness-6655,2
3791,lesmiserobert,1
3792,Tak5035,1
3793,amelie190,1
3794,simon_hoffman,1
3795,Twin-Lamps,5
3796,bamshabam0,2
3797,SacredAssurance,1
3798,misterecho11,1
3799,zardwiz,1
3800,NotTauseef,1
3801,Tuzaye,1
3802,Houderebaese,1
3803,Yankeesws2020,1
3804,Blazak,1
3805,6packcola,1
3806,Crovasio,1
3807,DoreenMichele,1
3808,confusedguy1212,2
3809,alexadisilvestro,1
3810,KatherineTheTomato,1
3811,APe28Comococo,1
3812,TheSecretGame,1
3813,Messisthegreatest,1
3814,messyredemptions,1
3815,Such-Shape-7111,1
3816,BrentTH,1
3817,LuckyLaceyKS,2
3818,freshmakee,1
3819,Peterx2112,2
3820,Elliot-_-,2
3821,Worth-Ad-6201,1
3822,Not-A-EMT,1
3823,CarmichaeI,1
3824,benjaminvestigation,2
3825,MisterDoctor13,1
3826,DRJ234,1
3827,Blueknight06,1
3828,AgentMonkey,1
3829,twisp42,1
3830,np307,2
3831,Ok-Campaign-9977,1
3832,redditvato,1
3833,MightOk9038,1
3834,Doctor_Lodewel,2
3835,ChristopherLee112,1
3836,Treeguy19,1
3837,I_am_qns_blvd,1
3838,Status-Pack4293,2
3839,BroadFarmer1896,1
3840,Patient_Reply,1
3841,fgirt,2
3842,macbros,1
3843,jarjar_rosie18,1
3844,O-Neeeeeee,1
3845,GoodNewsLetsDance,1
3846,kyletheyellowdartsmi,1
3847,nokenito,2
3848,-_Hot_Cocoa_-,4
3849,OldGregg1014,3
3850,LeMittenz,2
3851,CaliJaneBeyotch,1
3852,TheMrBliss,1
3853,killingmesoftly77,1
3854,chris34728,1
3855,Atlantantanta,1
3856,itsyaboinadia,1
3857,lenisefitz,1
3858,AThi009,1
3859,sehhawjamal,1
3860,Isabella_Bee,1
3861,boondocks4444,1
3862,SevoIsoDes,1
3863,ttacheny,1
3864,melekin,2
3865,DagmardiPotino85,1
3866,Ok-Comparison-7481,1
3867,AnteaterFirst1245,1
3868,fluffysaggitarius,1
3869,Sans_Contrefacon,3
3870,imgls1989,1
3871,tpence1982,1
3872,drtedd,1
3873,imthatbit,2
3874,aqua_shadow,1
3875,CISODUDE,3
3876,Naenarwal,1
3877,hollywo,2
3878,yeaboy19,2
3879,erm2500,1
3880,AOx3_VSS_IDGAF,1
3881,estmadi,1
3882,ketan1905,1
3883,vinsilvousplait,1
3884,midas44,1
3885,Lock3tteDown,2
3886,Biokineticphysio,2
3887,Artistic_Difference9,2
3888,TheHealthDesk,1
3889,sweetartiz,2
3890,NecroticCaress,1
3891,kbecaobr,1
3892,AlfredKinsey,1
3893,Rose8989,1
3894,VasyaK,1
3895,bekibekistanstan,1
3896,ProteccAtacc2604,1
3897,DoctorDoctor_YT,1
3898,Etb1025,4
3899,Treat-yo-self-2018,1
3900,BP_Kil,1
3901,CuarantinedQat,1
3902,Babyfromthe90s,1
3903,That-Syrup-7104,2
3904,Shalynnrx1,1
3905,supbrina,1
3906,Vapester94,1
3907,LaVolpeAzzurro,2
3908,redfox2008,1
3909,sunflowersippi,1
3910,Training-Return-8176,1
3911,OrganicSaint,1
3912,notmeeeeeeee1314,1
3913,Substantial_Prior_63,1
3914,TheRavinRaven,1
3915,susanscastillo,1
3916,SocratesDiedTrolling,1
3917,QuiOseGagne,1
3918,cuhree0h,1
3919,nursephil123,1
3920,International-Ant-79,1
3921,xxchellycat,1
3922,russwest413,1
3923,bendybat,1
3924,exgalactic,1
3925,planets_away,1
3926,TurbulentSetting2020,1
3927,tripthemgently,1
3928,Lavieestbelle31,3
3929,LifeExpConnoisseur,1
3930,chngdrprfavr,1
3931,SnooTomatoes9818,1
3932,blumgd,1
3933,aaapril261992,1
3934,PseudonymIncognito,1
3935,apriliasmom,1
3936,pendulumswingsback,1
3937,AccomplishedBend3949,1
3938,THCbussy,1
3939,Dbor12,2
3940,Gawrila,1
3941,ted5011c,2
3942,Bliss149,1
3943,all_da_struggles,1
3944,dbhaugen,1
3945,Aggressive_Ad7300,1
3946,2001_Chevy_Prizm,2
3947,PeeUrPantsNews,1
3948,TA_faq43,1
3949,Poopanose,2
3950,yeahthisiswhoyouare,1
3951,Special_Star_6534,2
3952,ijustwant2feelbetter,1
3953,moonjuicesmoothie,1
3954,kelmeyourselfcoward,2
3955,cordlifeindia12,1
3956,SwansEnthusiast,1
3957,snooabusiness,1
3958,bearofHtown,1
3959,4bz3,1
3960,Ricardo-sousa,2
3961,kaizilla09,1
3962,OwnMatter4,2
3963,Bklover93,2
3964,Sweetcandykink,1
3965,HooeyGoo,2
3966,sansmountains,1
3967,TotallyOriginalNut,1
3968,Keevan,1
3969,Thick_Cartoonist_265,2
3970,Jackalope8770,4
3971,David5774,1
3972,MadLeinaD,1
3973,DrLeah,1
3974,scottybeegood,1
3975,PennyPick,1
3976,kitty_k8,1
3977,nezkuos,1
3978,AberrantRambler,1
3979,LonelyDoraemon,1
3980,Respawne,1
3981,Mflowerdew1,2
3982,thurmanatee,1
3983,rFahad8,1
3984,carepass_theblunt,1
3985,MaxOutofPocket,1
3986,wakeofchaos,1
3987,TinySpiderPeople,2
3988,rosiefutures,1
3989,Subject_Attorney2088,1
3990,1000percentbitch,1
3991,TieNecessary4408,1
3992,imitatingnormal,1
3993,medcaremso1,1
3994,xMaji23x,1
3995,Warm_Cabinet,1
3996,coolguy12314,1
3997,notmouze,1
3998,alicedoesstuff,1
3999,EliteShoelaces,1
4000,deucer92,1
4001,Olecfarquat,2
4002,DW5150,1
4003,bull0143,1
4004,floatingrocknspace,2
4005,asmalltamale,1
4006,makeanameforme,1
4007,Typical_Rabbit_494,1
4008,MooseChips3,2
4009,cake_livewire,1
4010,zandra47,2
4011,fluoridefox,1
4012,yellow_44,1
4013,Temporary-Birthday64,1
4014,Unable_Education_180,2
4015,yourdoc,1
4016,FrivolousMe,1
4017,Crown_and_Seven,1
4018,MickyCloud,1
4019,sleepybull74,1
4020,-justlooking,1
4021,AnAverageHumanPerson,1
4022,TesticleInspector,1
4023,jeannedargh,1
4024,LaLonny,1
4025,PanchoSeranto,1
4026,pandiyarajan25,1
4027,hunicut,3
4028,maximusraleighus,1
4029,Efficient-Impress-75,1
4030,MotorLead8167,2
4031,VaporTaint224,1
4032,confusionturtle,1
4033,RBStone1,1
4034,smoresk,1
4035,throwawayrelief112,1
4036,fred_lincoln,1
4037,happywithsafelife,1
4038,Novel_Condition_5815,1
4039,ButterLord12342,1
4040,Alltheworldstage,1
4041,Brave_Size_3711,1
4042,gloriastivic,1
4043,classicKid222,1
4044,peopleofcostco,1
4045,CyoteOneOne,1
4046,xXMemeLord421Xx,1
4047,TheDancingBaptist,1
4048,Vidda90,1
4049,RFAfloridaman,1
4050,ChefWetBeard,1
4051,Tennessee1977,1
4052,HungryDelivery,1
4053,WriterVAgentleman,1
4054,Orcawhale33,1
4055,NuttyNorah,1
4056,Totally_Intended,1
4057,redmoskeeto,1
4058,SerenaLee79,1
4059,scamitup,1
4060,igroos,1
4061,ProgrammersAreSexy,1
4062,Dealous,1
4063,inadarkwoodwandering,1
4064,theastralcowboy,1
4065,andresheng,1
4066,sapt45,2
4067,lpacker93,1
4068,WeightliftingDoc,1
4069,Umtqloduh,1
4070,albinorhino63,1
4071,AnnoyedVelociraptor,1
4072,wrongkinkajou,1
4073,Fried_Yoda,1
4074,neuroglias,1
4075,kbd12345,1
4076,Fun_Leadership_5258,1
4077,cait-nicole,1
4078,Leo25219,1
4079,ketaminegtt,1
4080,healthinsurancegirl2,1
4081,___question___,1
4082,BigJig62,1
4083,parateeps,2
4084,Dragonair_fruit1371,1
4085,Artistic_Rat,1
4086,Keylime29,2
4087,keonmog,1
4088,Yardaaz,1
4089,Odd-Bicycle,1
4090,ChrisTheMyth,1
4091,jabahut,1
4092,xxlacookiexx,1
4093,Bisagna,1
4094,Youmna_hassan12,1
4095,WarningThink6956,1
4096,TennisLevel5772,1
4097,cringenaenaecringe,1
4098,eyes_serene,1
4099,outline_link_bot,2
4100,dudewithchronicpain,1
4101,daschyforever,1
4102,29187765432569864,1
4103,kwumpus,1
4104,OkCry9122,1
4105,selliott80,1
4106,yogeshmander,1
4107,A_cooops,1
4108,ADHDFrombirth,1
4109,TheeApollo13,1
4110,dmk21,1
4111,SentaCloss,1
4112,FreshMikeD,1
4113,nelliemusic,1
4114,NottaPotatooohhh,1
4115,Content_Tower8086,1
4116,PMPnewbie,1
4117,Oblivia_1111,1
4118,CommonStick8834,1
4119,Schnoodie,1
4120,jmj8778,1
4121,chompyalligator,1
4122,rennyyyo26,2
4123,EMTPirate,1
4124,ScubaLevi20,1
4125,15StepsToWeirdFishes,1
4126,Sinkdad,1
4127,cjgmb,1
4128,yung_kwame,1
4129,nickstertx,1
4130,Dont_Trust_N0_THOTS,2
4131,jamezverusaum,1
4132,kimadactylrex,1
4133,eyeamreadingyou,1
4134,Mark0500,1
4135,BeautifulStrong9938,1
4136,CalvinsStuffedTiger,2
4137,SteelBelle,1
4138,guruscotty,1
4139,namastaynaughti,1
4140,Coconuts2018,1
4141,JackM_226,1
4142,smudgedidit,1
4143,Xanto10,1
4144,ItzLynx_,1
4145,braankec,1
4146,Inside-Party8051,1
4147,The_Iron_Player,1
4148,__MellonCollie__,1
4149,ZeroTolerance07763,1
4150,Wrong-Rise4336,1
4151,Please_Log_In,1
4152,badwaffles,1
4153,i578,1
4154,Unfair-Actuator7060,1
4155,SnooLobsters2545,1
4156,Major-Excitement-393,1
4157,dominickm22,1
4158,kingkrauss,1
4159,Dolleste,1
4160,Beeinho,1
4161,Atreus201213,1
4162,LimerickExplorer,2
4163,ryanAD98,1
